<?xml version = '1.0' encoding = 'UTF-8'?>
<Relation class="oracle.dbtools.crest.model.design.logical.Relation" name="CUSTOMER_CHECKIN" directorySegmentName="seg_0" id="063839B5-F643-488B-F666-FD95B9B0EE17">
<createdBy>Siew</createdBy>
<createdTime>2019-04-24 11:31:39 UTC</createdTime>
<ownerDesignName>airtnt_oraclemodel</ownerDesignName>
<sourcePk>05D6AD91-28E9-2200-C652-36B523E207A2</sourcePk>
<identifying>true</identifying>
<nameOnSource>book</nameOnSource>
<optionalSource>false</optionalSource>
<optionalTarget>false</optionalTarget>
<sourceCardinality>1</sourceCardinality>
<sourceEntity>FE1036FD-AF05-32A9-D328-BBBCBE1FF11B</sourceEntity>
<targetCardinalityString>*</targetCardinalityString>
<targetEntity>8C09D1BD-EA03-73E8-B15F-AA29A1488775</targetEntity>
<transferable>true</transferable>
<deleteRule>NO ACTION</deleteRule>
</Relation>