<?xml version = '1.0' encoding = 'UTF-8'?>
<Relation class="oracle.dbtools.crest.model.design.logical.Relation" name="ROOM_HSHARE" directorySegmentName="seg_0" id="1643FC38-4662-0B46-8DAC-17414633C619">
<createdBy>Siew</createdBy>
<createdTime>2019-04-23 15:00:14 UTC</createdTime>
<ownerDesignName>airtnt_oraclemodel</ownerDesignName>
<sourcePk>BC587D8C-9008-79C9-8FC9-A4568464094D</sourcePk>
<identifying>true</identifying>
<nameOnSource>has</nameOnSource>
<optionalSource>true</optionalSource>
<optionalTarget>false</optionalTarget>
<sourceCardinality>1</sourceCardinality>
<sourceEntity>94E89D21-223A-A664-BC80-61310CB20E23</sourceEntity>
<targetCardinalityString>*</targetCardinalityString>
<targetEntity>BDA5884F-FF74-2F3C-086B-C7DDCF5C9B72</targetEntity>
<transferable>true</transferable>
<deleteRule>CASCADE</deleteRule>
</Relation>