<?xml version = '1.0' encoding = 'UTF-8'?>
<Relation class="oracle.dbtools.crest.model.design.logical.Relation" name="HAS_ITEM" directorySegmentName="seg_0" id="24BF09A9-EBB8-B5A4-A02F-8768517A2967">
<createdBy>Siew</createdBy>
<createdTime>2019-04-24 11:36:30 UTC</createdTime>
<ownerDesignName>airtnt_oraclemodel</ownerDesignName>
<sourcePk>8D5038DC-C539-3FC1-3D29-09EFA1B14833</sourcePk>
<identifying>true</identifying>
<nameOnSource>has</nameOnSource>
<optionalSource>true</optionalSource>
<optionalTarget>false</optionalTarget>
<sourceCardinality>1</sourceCardinality>
<sourceEntity>1DF2E4D4-DF4C-D3F9-E8CC-01850F5DEF55</sourceEntity>
<targetCardinalityString>*</targetCardinalityString>
<targetEntity>E86DC262-4430-35B8-8E40-92103B960C5B</targetEntity>
<transferable>true</transferable>
<deleteRule>NO ACTION</deleteRule>
</Relation>