<?xml version = '1.0' encoding = 'UTF-8'?>
<Relation class="oracle.dbtools.crest.model.design.logical.Relation" name="TOURGUIDE_COMPLETE" directorySegmentName="seg_0" id="2CA0CF50-8011-575E-4C90-2EC65D7E0245">
<createdBy>Siew</createdBy>
<createdTime>2019-04-25 10:50:10 UTC</createdTime>
<ownerDesignName>airtnt_oraclemodel</ownerDesignName>
<sourcePk>95427E36-ACA2-26C5-62AF-00A59EC1E659</sourcePk>
<identifying>false</identifying>
<nameOnSource>complete</nameOnSource>
<optionalSource>true</optionalSource>
<optionalTarget>true</optionalTarget>
<sourceCardinality>1</sourceCardinality>
<sourceEntity>44054C18-7298-5710-60CE-36B75EE4C813</sourceEntity>
<targetCardinalityString>*</targetCardinalityString>
<targetEntity>2D6328AD-82C3-EB28-D86B-2C305F806CED</targetEntity>
<transferable>true</transferable>
<deleteRule>NO ACTION</deleteRule>
</Relation>