<?xml version = '1.0' encoding = 'UTF-8'?>
<Relation class="oracle.dbtools.crest.model.design.logical.Relation" name="TGUIDE_CHECKIN" directorySegmentName="seg_0" id="2F0C8661-1D24-B98A-0256-461C9D9F6BF6">
<createdBy>Siew</createdBy>
<createdTime>2019-04-23 15:50:15 UTC</createdTime>
<ownerDesignName>airtnt_oraclemodel</ownerDesignName>
<sourcePk>95427E36-ACA2-26C5-62AF-00A59EC1E659</sourcePk>
<identifying>false</identifying>
<nameOnSource>manage</nameOnSource>
<optionalSource>true</optionalSource>
<optionalTarget>false</optionalTarget>
<sourceCardinality>1</sourceCardinality>
<sourceEntity>44054C18-7298-5710-60CE-36B75EE4C813</sourceEntity>
<targetCardinalityString>*</targetCardinalityString>
<targetEntity>8C09D1BD-EA03-73E8-B15F-AA29A1488775</targetEntity>
<transferable>true</transferable>
<deleteRule>NO ACTION</deleteRule>
</Relation>