<?xml version = '1.0' encoding = 'UTF-8'?>
<Relation class="oracle.dbtools.crest.model.design.logical.Relation" name="HAS_ASSIGNMENT" directorySegmentName="seg_0" id="3B4BA628-467F-568E-3543-575D270C5495">
<createdBy>Siew</createdBy>
<createdTime>2019-04-23 15:12:55 UTC</createdTime>
<ownerDesignName>airtnt_oraclemodel</ownerDesignName>
<sourcePk>BC587D8C-9008-79C9-8FC9-A4568464094D</sourcePk>
<identifying>true</identifying>
<nameOnSource>has</nameOnSource>
<optionalSource>true</optionalSource>
<optionalTarget>false</optionalTarget>
<sourceCardinality>1</sourceCardinality>
<sourceEntity>94E89D21-223A-A664-BC80-61310CB20E23</sourceEntity>
<targetCardinalityString>*</targetCardinalityString>
<targetEntity>7BC5B9AB-7DDC-9E18-E229-087FE5AC41B5</targetEntity>
<transferable>true</transferable>
<deleteRule>CASCADE</deleteRule>
</Relation>