<?xml version = '1.0' encoding = 'UTF-8'?>
<Relation class="oracle.dbtools.crest.model.design.logical.Relation" name="SUPPLY_ITEM" directorySegmentName="seg_0" id="54B2AF8D-BE2B-F251-4160-62F6901536EB">
<createdBy>Siew</createdBy>
<createdTime>2019-04-23 15:26:57 UTC</createdTime>
<ownerDesignName>airtnt_oraclemodel</ownerDesignName>
<sourcePk>8E3339CA-6C0D-F173-D2AA-EAC89DBE9B8A</sourcePk>
<identifying>false</identifying>
<nameOnSource>supply</nameOnSource>
<optionalSource>true</optionalSource>
<optionalTarget>false</optionalTarget>
<sourceCardinality>1</sourceCardinality>
<sourceEntity>A54582BF-6DDF-7A95-0E21-CA9EDEA2D952</sourceEntity>
<targetCardinalityString>*</targetCardinalityString>
<targetEntity>1DF2E4D4-DF4C-D3F9-E8CC-01850F5DEF55</targetEntity>
<transferable>true</transferable>
</Relation>