<?xml version = '1.0' encoding = 'UTF-8'?>
<Relation class="oracle.dbtools.crest.model.design.logical.Relation" name="HAS_EXTRAITEM" directorySegmentName="seg_0" id="5F902EAE-1DA3-52C0-E1D7-06E8BCA8D6F0">
<createdBy>Siew</createdBy>
<createdTime>2019-04-24 15:23:19 UTC</createdTime>
<ownerDesignName>airtnt_oraclemodel</ownerDesignName>
<sourcePk>C002EBAC-8C27-44E7-F603-21DDECE77B41</sourcePk>
<identifying>true</identifying>
<nameOnSource>has</nameOnSource>
<optionalSource>true</optionalSource>
<optionalTarget>false</optionalTarget>
<sourceCardinality>1</sourceCardinality>
<sourceEntity>2D6328AD-82C3-EB28-D86B-2C305F806CED</sourceEntity>
<targetCardinalityString>*</targetCardinalityString>
<targetEntity>E86DC262-4430-35B8-8E40-92103B960C5B</targetEntity>
<transferable>true</transferable>
<deleteRule>NO ACTION</deleteRule>
</Relation>