<?xml version = '1.0' encoding = 'UTF-8'?>
<Relation class="oracle.dbtools.crest.model.design.logical.Relation" name="CHECKIN_BOOK" directorySegmentName="seg_0" id="95C33CDF-613D-B6FA-283D-077CD202AAB2">
<createdBy>Siew</createdBy>
<createdTime>2019-04-25 16:14:02 UTC</createdTime>
<ownerDesignName>airtnt_oraclemodel</ownerDesignName>
<sourcePk>3DECD065-FA07-084D-5B5C-B784AFDE7D72</sourcePk>
<identifying>true</identifying>
<nameOnSource>has</nameOnSource>
<optionalSource>false</optionalSource>
<optionalTarget>false</optionalTarget>
<sourceCardinality>1</sourceCardinality>
<sourceEntity>8C09D1BD-EA03-73E8-B15F-AA29A1488775</sourceEntity>
<targetCardinalityString>*</targetCardinalityString>
<targetEntity>5F50D80B-5D69-FBAC-0A3E-AA6602160052</targetEntity>
<transferable>true</transferable>
<deleteRule>NO ACTION</deleteRule>
</Relation>