<?xml version = '1.0' encoding = 'UTF-8'?>
<Relation class="oracle.dbtools.crest.model.design.logical.Relation" name="CHECKIN_APRESCRIBED" directorySegmentName="seg_0" id="A2507994-F522-5CAE-E811-366C47724A3E">
<createdBy>Siew</createdBy>
<createdTime>2019-04-24 16:54:07 UTC</createdTime>
<ownerDesignName>airtnt_oraclemodel</ownerDesignName>
<sourcePk>3DECD065-FA07-084D-5B5C-B784AFDE7D72</sourcePk>
<identifying>true</identifying>
<nameOnSource>attends</nameOnSource>
<optionalSource>true</optionalSource>
<optionalTarget>false</optionalTarget>
<sourceCardinality>1</sourceCardinality>
<sourceEntity>8C09D1BD-EA03-73E8-B15F-AA29A1488775</sourceEntity>
<targetCardinalityString>*</targetCardinalityString>
<targetEntity>2D6328AD-82C3-EB28-D86B-2C305F806CED</targetEntity>
<transferable>true</transferable>
<deleteRule>NO ACTION</deleteRule>
</Relation>