<?xml version = '1.0' encoding = 'UTF-8'?>
<Relation class="oracle.dbtools.crest.model.design.logical.Relation" name="HKEEPER_ASSIGNMENT" directorySegmentName="seg_0" id="ADA49888-AA74-1BCA-AA9F-DD9B04233497">
<createdBy>Siew</createdBy>
<createdTime>2019-04-24 15:34:45 UTC</createdTime>
<ownerDesignName>airtnt_oraclemodel</ownerDesignName>
<sourcePk>66B7797E-8F8A-A4D3-BCFC-52C892D51088</sourcePk>
<identifying>false</identifying>
<nameOnSource>is assigned to</nameOnSource>
<optionalSource>true</optionalSource>
<optionalTarget>false</optionalTarget>
<sourceCardinality>1</sourceCardinality>
<sourceEntity>F8AF6D65-7051-6BB2-0F4E-0C69125865D0</sourceEntity>
<targetCardinalityString>*</targetCardinalityString>
<targetEntity>7BC5B9AB-7DDC-9E18-E229-087FE5AC41B5</targetEntity>
<transferable>true</transferable>
<deleteRule>NO ACTION</deleteRule>
</Relation>