<?xml version = '1.0' encoding = 'UTF-8'?>
<Relation class="oracle.dbtools.crest.model.design.logical.Relation" name="BOOK_ROOM" directorySegmentName="seg_0" id="C2B5E167-960A-64AA-D1C2-1E67B92E56EB">
<createdBy>Siew</createdBy>
<createdTime>2019-04-25 16:14:47 UTC</createdTime>
<ownerDesignName>airtnt_oraclemodel</ownerDesignName>
<sourcePk>0EACF26E-FE9D-8CC1-2EA2-CAA4AB63CEE2</sourcePk>
<identifying>true</identifying>
<nameOnSource>has</nameOnSource>
<optionalSource>true</optionalSource>
<optionalTarget>false</optionalTarget>
<sourceCardinality>1</sourceCardinality>
<sourceEntity>BDA5884F-FF74-2F3C-086B-C7DDCF5C9B72</sourceEntity>
<targetCardinalityString>*</targetCardinalityString>
<targetEntity>5F50D80B-5D69-FBAC-0A3E-AA6602160052</targetEntity>
<transferable>true</transferable>
<deleteRule>NO ACTION</deleteRule>
</Relation>