<?xml version = '1.0' encoding = 'UTF-8'?>
<Relation class="oracle.dbtools.crest.model.design.logical.Relation" name="HAS" directorySegmentName="seg_0" id="C5747EBC-87D9-042B-62BE-6D743C0D4742">
<createdBy>Siew</createdBy>
<createdTime>2019-04-25 10:48:14 UTC</createdTime>
<ownerDesignName>airtnt_oraclemodel</ownerDesignName>
<sourcePk>230E813A-D29E-47EC-B221-6A046909A4CC</sourcePk>
<identifying>false</identifying>
<nameOnSource>has</nameOnSource>
<optionalSource>true</optionalSource>
<optionalTarget>false</optionalTarget>
<sourceCardinality>1</sourceCardinality>
<sourceEntity>183F5954-F8BF-CDFE-BAF3-0245B2D15C20</sourceEntity>
<targetCardinalityString>*</targetCardinalityString>
<targetEntity>2D6328AD-82C3-EB28-D86B-2C305F806CED</targetEntity>
<transferable>true</transferable>
<deleteRule>NO ACTION</deleteRule>
</Relation>