<?xml version = '1.0' encoding = 'UTF-8'?>
<Relation class="oracle.dbtools.crest.model.design.logical.Relation" name="TOURGUIDE_PRESCRIBE" directorySegmentName="seg_0" id="DB3F5EB2-FB24-89D0-78AF-306108E542DF">
<createdBy>Siew</createdBy>
<createdTime>2019-04-24 15:09:20 UTC</createdTime>
<ownerDesignName>airtnt_oraclemodel</ownerDesignName>
<sourcePk>95427E36-ACA2-26C5-62AF-00A59EC1E659</sourcePk>
<identifying>false</identifying>
<nameOnSource>prescribe</nameOnSource>
<optionalSource>true</optionalSource>
<optionalTarget>false</optionalTarget>
<sourceCardinality>1</sourceCardinality>
<sourceEntity>44054C18-7298-5710-60CE-36B75EE4C813</sourceEntity>
<targetCardinalityString>*</targetCardinalityString>
<targetEntity>2D6328AD-82C3-EB28-D86B-2C305F806CED</targetEntity>
<transferable>true</transferable>
<deleteRule>NO ACTION</deleteRule>
</Relation>