<?xml version = '1.0' encoding = 'UTF-8'?>
<Relation class="oracle.dbtools.crest.model.design.logical.Relation" name="TGUIDE_HAS_SPECIAL" directorySegmentName="seg_0" id="DF63DBA2-5364-51C0-A749-E2D6FFEA293E">
<createdBy>Siew</createdBy>
<createdTime>2019-04-24 05:16:04 UTC</createdTime>
<ownerDesignName>airtnt_oraclemodel</ownerDesignName>
<sourcePk>95427E36-ACA2-26C5-62AF-00A59EC1E659</sourcePk>
<identifying>true</identifying>
<nameOnSource>has</nameOnSource>
<optionalSource>true</optionalSource>
<optionalTarget>false</optionalTarget>
<sourceCardinality>1</sourceCardinality>
<sourceEntity>44054C18-7298-5710-60CE-36B75EE4C813</sourceEntity>
<targetCardinalityString>*</targetCardinalityString>
<targetEntity>46C9F0A7-E104-8C77-39D5-BE0427AB0C67</targetEntity>
<transferable>true</transferable>
<deleteRule>NO ACTION</deleteRule>
</Relation>