<?xml version = '1.0' encoding = 'UTF-8'?>
<Relation class="oracle.dbtools.crest.model.design.logical.Relation" name="HAS_SPECIAL" directorySegmentName="seg_0" id="EFCF2A7B-B011-2B8E-3C74-00FDF9BDDBA0">
<createdBy>Siew</createdBy>
<createdTime>2019-04-24 05:15:21 UTC</createdTime>
<ownerDesignName>airtnt_oraclemodel</ownerDesignName>
<sourcePk>170B0B1F-C858-59EE-A51C-534B2922EEE0</sourcePk>
<identifying>true</identifying>
<nameOnSource>has</nameOnSource>
<optionalSource>true</optionalSource>
<optionalTarget>false</optionalTarget>
<sourceCardinality>1</sourceCardinality>
<sourceEntity>E5CBB792-1C6E-3890-F808-D5311C528A07</sourceEntity>
<targetCardinalityString>*</targetCardinalityString>
<targetEntity>46C9F0A7-E104-8C77-39D5-BE0427AB0C67</targetEntity>
<transferable>true</transferable>
<deleteRule>NO ACTION</deleteRule>
</Relation>