<?xml version = '1.0' encoding = 'UTF-8'?>
<Diagram class="oracle.dbtools.crest.swingui.logical.DPVLogical" name="Logical" id="4E60FF05-F128-EAFA-AD64-CC689DC219D4">
<createdBy>Siew</createdBy>
<modifiedBy>Siew</modifiedBy>
<createdTime>2019-04-22 11:09:00 UTC</createdTime>
<autoRoute>false</autoRoute>
<boxInbox>true</boxInbox>
<showLegend>true</showLegend>
<showLabels>true</showLabels>
<showRelAttributes>false</showRelAttributes>
<gridEnabled>false</gridEnabled>
<showGrid>false</showGrid>
<diagramColor>-1</diagramColor>
<legendPosX>11</legendPosX>
<legendPosY>20</legendPosY>
<display>false</display>
<notation>2</notation>
<showAllDetails>false</showAllDetails>
<showElements>true</showElements>
<objectViews>
<OView class="oracle.dbtools.crest.swingui.logical.TVEntity" oid="183F5954-F8BF-CDFE-BAF3-0245B2D15C20" otype="Entity" vid="179BD5D8-0AC0-F0C8-9AC9-510A855C2877">
<hideElementsInCurrentOnly>false</hideElementsInCurrentOnly>
<bounds x="427" y="548" width="129" height="94"/>
</OView>
<OView class="oracle.dbtools.crest.swingui.logical.TVEntity" oid="1DF2E4D4-DF4C-D3F9-E8CC-01850F5DEF55" otype="Entity" vid="1032B488-8D7E-45F9-7C7D-6F26942321CA">
<hideElementsInCurrentOnly>false</hideElementsInCurrentOnly>
<bounds x="31" y="464" width="125" height="96"/>
</OView>
<OView class="oracle.dbtools.crest.swingui.logical.TVEntity" oid="2D6328AD-82C3-EB28-D86B-2C305F806CED" otype="Entity" vid="A20035DB-2DB2-8F4B-66FF-7736DFBFA167">
<hideElementsInCurrentOnly>false</hideElementsInCurrentOnly>
<bounds x="424" y="278" width="144" height="140"/>
</OView>
<OView class="oracle.dbtools.crest.swingui.logical.TVEntity" oid="44054C18-7298-5710-60CE-36B75EE4C813" otype="Entity" vid="EE10B5E3-BF5D-D22E-499D-E21525A8A90C">
<hideElementsInCurrentOnly>false</hideElementsInCurrentOnly>
<bounds x="698" y="280" width="128" height="133"/>
</OView>
<OView class="oracle.dbtools.crest.swingui.logical.TVEntity" oid="46C9F0A7-E104-8C77-39D5-BE0427AB0C67" otype="Entity" vid="0761DBC9-DD32-9076-3271-030C4FEED1B1">
<hideElementsInCurrentOnly>false</hideElementsInCurrentOnly>
<bounds x="708" y="518" width="116" height="56"/>
</OView>
<OView class="oracle.dbtools.crest.swingui.logical.TVEntity" oid="5F50D80B-5D69-FBAC-0A3E-AA6602160052" otype="Entity" vid="E3DA053E-14FD-96DA-8DEB-D176040BAC07">
<hideElementsInCurrentOnly>false</hideElementsInCurrentOnly>
<bounds x="869" y="42" width="97" height="85"/>
</OView>
<OView class="oracle.dbtools.crest.swingui.logical.TVEntity" oid="7BC5B9AB-7DDC-9E18-E229-087FE5AC41B5" otype="Entity" vid="26844682-1FBE-F10C-E185-7EC072E18082">
<hideElementsInCurrentOnly>false</hideElementsInCurrentOnly>
<bounds x="1078" y="439" width="126" height="78"/>
</OView>
<OView class="oracle.dbtools.crest.swingui.logical.TVEntity" oid="8C09D1BD-EA03-73E8-B15F-AA29A1488775" otype="Entity" vid="32A58B4F-A2FC-50A9-7C5B-EB563D7F7189">
<hideElementsInCurrentOnly>false</hideElementsInCurrentOnly>
<bounds x="538" y="45" width="204" height="100"/>
</OView>
<OView class="oracle.dbtools.crest.swingui.logical.TVEntity" oid="94E89D21-223A-A664-BC80-61310CB20E23" otype="Entity" vid="65CA240B-B7D6-D93E-0FFD-B845A36F94E7">
<hideElementsInCurrentOnly>false</hideElementsInCurrentOnly>
<bounds x="1089" y="258" width="123" height="90"/>
</OView>
<OView class="oracle.dbtools.crest.swingui.logical.TVEntity" oid="A54582BF-6DDF-7A95-0E21-CA9EDEA2D952" otype="Entity" vid="5BA28E45-7C4E-5B7E-9C27-872C1F669C8C">
<hideElementsInCurrentOnly>false</hideElementsInCurrentOnly>
<bounds x="28" y="657" width="122" height="80"/>
</OView>
<OView class="oracle.dbtools.crest.swingui.logical.TVEntity" oid="BDA5884F-FF74-2F3C-086B-C7DDCF5C9B72" otype="Entity" vid="9524E4BB-4B2E-1992-84DD-0C0442BD36B4">
<hideElementsInCurrentOnly>false</hideElementsInCurrentOnly>
<bounds x="1097" y="39" width="112" height="97"/>
</OView>
<OView class="oracle.dbtools.crest.swingui.logical.TVEntity" oid="E5CBB792-1C6E-3890-F808-D5311C528A07" otype="Entity" vid="9E98D092-C0BC-2D3F-5746-16E8B7BB34D7">
<hideElementsInCurrentOnly>false</hideElementsInCurrentOnly>
<bounds x="689" y="682" width="143" height="37"/>
</OView>
<OView class="oracle.dbtools.crest.swingui.logical.TVEntity" oid="E86DC262-4430-35B8-8E40-92103B960C5B" otype="Entity" vid="C9136F65-77E2-8415-F298-F536BDB8A85F">
<hideElementsInCurrentOnly>false</hideElementsInCurrentOnly>
<bounds x="27" y="252" width="117" height="111"/>
</OView>
<OView class="oracle.dbtools.crest.swingui.logical.TVEntity" oid="F8AF6D65-7051-6BB2-0F4E-0C69125865D0" otype="Entity" vid="AC4C165F-7A26-0E49-74E4-EEBB447D207A">
<hideElementsInCurrentOnly>false</hideElementsInCurrentOnly>
<bounds x="1085" y="622" width="134" height="106"/>
</OView>
<OView class="oracle.dbtools.crest.swingui.logical.TVEntity" oid="FE1036FD-AF05-32A9-D328-BBBCBE1FF11B" otype="Entity" vid="83296393-0F22-821E-D2F5-FD1AD0B23D35">
<hideElementsInCurrentOnly>false</hideElementsInCurrentOnly>
<bounds x="264" y="13" width="158" height="221"/>
</OView>
<OView class="oracle.dbtools.crest.swingui.TVLegend" oid="FF24CA0F-933B-9F4E-400D-FBC60BDA68C8" otype="Legend" vid="263892A6-68FF-8AFA-76C2-F8F4610B59D9">
<hideElementsInCurrentOnly>false</hideElementsInCurrentOnly>
<bounds x="11" y="20" width="232" height="135"/>
</OView>
</objectViews>
<connectors>
<Connector class="oracle.dbtools.crest.swingui.logical.TVRelation" oid="063839B5-F643-488B-F666-FD95B9B0EE17" otype="Relation" vid_source="83296393-0F22-821E-D2F5-FD1AD0B23D35" vid_target="32A58B4F-A2FC-50A9-7C5B-EB563D7F7189">
<hideElementsInCurrentOnly>false</hideElementsInCurrentOnly>
<backgroundColor>-16777216</backgroundColor>
<lineWidth>1</lineWidth>
<sourceLabel class="oracle.dbtools.crest.model.design.Label">
<site>0</site>
<labelBounds x="432" y="62" width="37" height="33"/>
<noBackgroundColor>true</noBackgroundColor>
<noForegroundColor>true</noForegroundColor>
</sourceLabel>
<points>
<point x="422" y="95"/>
<point x="538" y="95"/>
</points>
</Connector>
<Connector class="oracle.dbtools.crest.swingui.logical.TVRelation" oid="1643FC38-4662-0B46-8DAC-17414633C619" otype="Relation" vid_source="65CA240B-B7D6-D93E-0FFD-B845A36F94E7" vid_target="9524E4BB-4B2E-1992-84DD-0C0442BD36B4">
<hideElementsInCurrentOnly>false</hideElementsInCurrentOnly>
<backgroundColor>-16777216</backgroundColor>
<lineWidth>1</lineWidth>
<sourceLabel class="oracle.dbtools.crest.model.design.Label">
<site>0</site>
<labelBounds x="1153" y="227" width="31" height="25"/>
<noBackgroundColor>true</noBackgroundColor>
<noForegroundColor>true</noForegroundColor>
</sourceLabel>
<points>
<point x="1153" y="258"/>
<point x="1153" y="136"/>
</points>
</Connector>
<Connector class="oracle.dbtools.crest.swingui.logical.TVRelation" oid="24BF09A9-EBB8-B5A4-A02F-8768517A2967" otype="Relation" vid_source="1032B488-8D7E-45F9-7C7D-6F26942321CA" vid_target="C9136F65-77E2-8415-F298-F536BDB8A85F">
<hideElementsInCurrentOnly>false</hideElementsInCurrentOnly>
<backgroundColor>-16777216</backgroundColor>
<lineWidth>1</lineWidth>
<sourceLabel class="oracle.dbtools.crest.model.design.Label">
<site>0</site>
<labelBounds x="87" y="439" width="31" height="19"/>
<noBackgroundColor>true</noBackgroundColor>
<noForegroundColor>true</noForegroundColor>
</sourceLabel>
<points>
<point x="87" y="464"/>
<point x="87" y="363"/>
</points>
</Connector>
<Connector class="oracle.dbtools.crest.swingui.logical.TVRelation" oid="2CA0CF50-8011-575E-4C90-2EC65D7E0245" otype="Relation" vid_source="EE10B5E3-BF5D-D22E-499D-E21525A8A90C" vid_target="A20035DB-2DB2-8F4B-66FF-7736DFBFA167">
<hideElementsInCurrentOnly>false</hideElementsInCurrentOnly>
<backgroundColor>-16777216</backgroundColor>
<lineWidth>1</lineWidth>
<sourceLabel class="oracle.dbtools.crest.model.design.Label">
<site>0</site>
<labelBounds x="641" y="346" width="51" height="30"/>
<noBackgroundColor>true</noBackgroundColor>
<noForegroundColor>true</noForegroundColor>
</sourceLabel>
<points>
<point x="698" y="376"/>
<point x="568" y="376"/>
</points>
</Connector>
<Connector class="oracle.dbtools.crest.swingui.logical.TVRelation" oid="2F0C8661-1D24-B98A-0256-461C9D9F6BF6" otype="Relation" vid_source="EE10B5E3-BF5D-D22E-499D-E21525A8A90C" vid_target="32A58B4F-A2FC-50A9-7C5B-EB563D7F7189">
<hideElementsInCurrentOnly>false</hideElementsInCurrentOnly>
<backgroundColor>-16777216</backgroundColor>
<lineWidth>1</lineWidth>
<sourceLabel class="oracle.dbtools.crest.model.design.Label">
<site>0</site>
<labelBounds x="720" y="241" width="54" height="33"/>
<noBackgroundColor>true</noBackgroundColor>
<noForegroundColor>true</noForegroundColor>
</sourceLabel>
<points>
<point x="720" y="280"/>
<point x="719" y="145"/>
</points>
</Connector>
<Connector class="oracle.dbtools.crest.swingui.logical.TVRelation" oid="3B4BA628-467F-568E-3543-575D270C5495" otype="Relation" vid_source="65CA240B-B7D6-D93E-0FFD-B845A36F94E7" vid_target="26844682-1FBE-F10C-E185-7EC072E18082">
<hideElementsInCurrentOnly>false</hideElementsInCurrentOnly>
<backgroundColor>-16777216</backgroundColor>
<lineWidth>1</lineWidth>
<sourceLabel class="oracle.dbtools.crest.model.design.Label">
<site>0</site>
<labelBounds x="1146" y="379" width="33" height="17"/>
<noBackgroundColor>true</noBackgroundColor>
<noForegroundColor>true</noForegroundColor>
</sourceLabel>
<points>
<point x="1146" y="348"/>
<point x="1146" y="439"/>
</points>
</Connector>
<Connector class="oracle.dbtools.crest.swingui.logical.TVRelation" oid="54B2AF8D-BE2B-F251-4160-62F6901536EB" otype="Relation" vid_source="5BA28E45-7C4E-5B7E-9C27-872C1F669C8C" vid_target="1032B488-8D7E-45F9-7C7D-6F26942321CA">
<hideElementsInCurrentOnly>false</hideElementsInCurrentOnly>
<backgroundColor>-16777216</backgroundColor>
<lineWidth>1</lineWidth>
<sourceLabel class="oracle.dbtools.crest.model.design.Label">
<site>0</site>
<labelBounds x="90" y="631" width="56" height="20"/>
<noBackgroundColor>true</noBackgroundColor>
<noForegroundColor>true</noForegroundColor>
</sourceLabel>
<points>
<point x="90" y="657"/>
<point x="90" y="560"/>
</points>
</Connector>
<Connector class="oracle.dbtools.crest.swingui.logical.TVRelation" oid="5F902EAE-1DA3-52C0-E1D7-06E8BCA8D6F0" otype="Relation" vid_source="A20035DB-2DB2-8F4B-66FF-7736DFBFA167" vid_target="C9136F65-77E2-8415-F298-F536BDB8A85F">
<hideElementsInCurrentOnly>false</hideElementsInCurrentOnly>
<backgroundColor>-16777216</backgroundColor>
<lineWidth>1</lineWidth>
<sourceLabel class="oracle.dbtools.crest.model.design.Label">
<site>0</site>
<labelBounds x="387" y="287" width="31" height="33"/>
<noBackgroundColor>true</noBackgroundColor>
<noForegroundColor>true</noForegroundColor>
</sourceLabel>
<points>
<point x="424" y="320"/>
<point x="144" y="320"/>
</points>
</Connector>
<Connector class="oracle.dbtools.crest.swingui.logical.TVRelation" oid="95C33CDF-613D-B6FA-283D-077CD202AAB2" otype="Relation" vid_source="32A58B4F-A2FC-50A9-7C5B-EB563D7F7189" vid_target="E3DA053E-14FD-96DA-8DEB-D176040BAC07">
<hideElementsInCurrentOnly>false</hideElementsInCurrentOnly>
<backgroundColor>-16777216</backgroundColor>
<lineWidth>1</lineWidth>
<sourceLabel class="oracle.dbtools.crest.model.design.Label">
<site>0</site>
<labelBounds x="752" y="61" width="41" height="25"/>
<noBackgroundColor>true</noBackgroundColor>
<noForegroundColor>true</noForegroundColor>
</sourceLabel>
<points>
<point x="742" y="86"/>
<point x="869" y="86"/>
</points>
</Connector>
<Connector class="oracle.dbtools.crest.swingui.logical.TVRelation" oid="A2507994-F522-5CAE-E811-366C47724A3E" otype="Relation" vid_source="32A58B4F-A2FC-50A9-7C5B-EB563D7F7189" vid_target="A20035DB-2DB2-8F4B-66FF-7736DFBFA167">
<hideElementsInCurrentOnly>false</hideElementsInCurrentOnly>
<backgroundColor>-16777216</backgroundColor>
<lineWidth>1</lineWidth>
<sourceLabel class="oracle.dbtools.crest.model.design.Label">
<site>0</site>
<labelBounds x="554" y="170" width="47" height="19"/>
<noBackgroundColor>true</noBackgroundColor>
<noForegroundColor>true</noForegroundColor>
</sourceLabel>
<points>
<point x="554" y="145"/>
<point x="551" y="278"/>
</points>
</Connector>
<Connector class="oracle.dbtools.crest.swingui.logical.TVRelation" oid="ADA49888-AA74-1BCA-AA9F-DD9B04233497" otype="Relation" vid_source="AC4C165F-7A26-0E49-74E4-EEBB447D207A" vid_target="26844682-1FBE-F10C-E185-7EC072E18082">
<hideElementsInCurrentOnly>false</hideElementsInCurrentOnly>
<backgroundColor>-16777216</backgroundColor>
<lineWidth>1</lineWidth>
<sourceLabel class="oracle.dbtools.crest.model.design.Label">
<site>0</site>
<labelBounds x="1144" y="587" width="78" height="29"/>
<noBackgroundColor>true</noBackgroundColor>
<noForegroundColor>true</noForegroundColor>
</sourceLabel>
<points>
<point x="1144" y="622"/>
<point x="1144" y="517"/>
</points>
</Connector>
<Connector class="oracle.dbtools.crest.swingui.logical.TVRelation" oid="C2B5E167-960A-64AA-D1C2-1E67B92E56EB" otype="Relation" vid_source="9524E4BB-4B2E-1992-84DD-0C0442BD36B4" vid_target="E3DA053E-14FD-96DA-8DEB-D176040BAC07">
<hideElementsInCurrentOnly>false</hideElementsInCurrentOnly>
<backgroundColor>-16777216</backgroundColor>
<lineWidth>1</lineWidth>
<sourceLabel class="oracle.dbtools.crest.model.design.Label">
<site>0</site>
<labelBounds x="1059" y="51" width="32" height="33"/>
<noBackgroundColor>true</noBackgroundColor>
<noForegroundColor>true</noForegroundColor>
</sourceLabel>
<points>
<point x="1097" y="84"/>
<point x="966" y="84"/>
</points>
</Connector>
<Connector class="oracle.dbtools.crest.swingui.logical.TVRelation" oid="C5747EBC-87D9-042B-62BE-6D743C0D4742" otype="Relation" vid_source="179BD5D8-0AC0-F0C8-9AC9-510A855C2877" vid_target="A20035DB-2DB2-8F4B-66FF-7736DFBFA167">
<hideElementsInCurrentOnly>false</hideElementsInCurrentOnly>
<backgroundColor>-16777216</backgroundColor>
<lineWidth>1</lineWidth>
<sourceLabel class="oracle.dbtools.crest.model.design.Label">
<site>0</site>
<labelBounds x="491" y="509" width="32" height="33"/>
<noBackgroundColor>true</noBackgroundColor>
<noForegroundColor>true</noForegroundColor>
</sourceLabel>
<points>
<point x="491" y="548"/>
<point x="491" y="418"/>
</points>
</Connector>
<Connector class="oracle.dbtools.crest.swingui.logical.TVRelation" oid="DB3F5EB2-FB24-89D0-78AF-306108E542DF" otype="Relation" vid_source="EE10B5E3-BF5D-D22E-499D-E21525A8A90C" vid_target="A20035DB-2DB2-8F4B-66FF-7736DFBFA167">
<hideElementsInCurrentOnly>false</hideElementsInCurrentOnly>
<backgroundColor>-16777216</backgroundColor>
<lineWidth>1</lineWidth>
<sourceLabel class="oracle.dbtools.crest.model.design.Label">
<site>0</site>
<labelBounds x="641" y="285" width="51" height="31"/>
<noBackgroundColor>true</noBackgroundColor>
<noForegroundColor>true</noForegroundColor>
</sourceLabel>
<points>
<point x="698" y="316"/>
<point x="568" y="316"/>
</points>
</Connector>
<Connector class="oracle.dbtools.crest.swingui.logical.TVRelation" oid="DF63DBA2-5364-51C0-A749-E2D6FFEA293E" otype="Relation" vid_source="EE10B5E3-BF5D-D22E-499D-E21525A8A90C" vid_target="0761DBC9-DD32-9076-3271-030C4FEED1B1">
<hideElementsInCurrentOnly>false</hideElementsInCurrentOnly>
<backgroundColor>-16777216</backgroundColor>
<lineWidth>1</lineWidth>
<sourceLabel class="oracle.dbtools.crest.model.design.Label">
<site>0</site>
<labelBounds x="766" y="457" width="27" height="14"/>
<noBackgroundColor>true</noBackgroundColor>
<noForegroundColor>true</noForegroundColor>
</sourceLabel>
<points>
<point x="766" y="413"/>
<point x="766" y="518"/>
</points>
</Connector>
<Connector class="oracle.dbtools.crest.swingui.logical.TVRelation" oid="EFCF2A7B-B011-2B8E-3C74-00FDF9BDDBA0" otype="Relation" vid_source="9E98D092-C0BC-2D3F-5746-16E8B7BB34D7" vid_target="0761DBC9-DD32-9076-3271-030C4FEED1B1">
<hideElementsInCurrentOnly>false</hideElementsInCurrentOnly>
<backgroundColor>-16777216</backgroundColor>
<lineWidth>1</lineWidth>
<sourceLabel class="oracle.dbtools.crest.model.design.Label">
<site>0</site>
<labelBounds x="766" y="650" width="31" height="26"/>
<noBackgroundColor>true</noBackgroundColor>
<noForegroundColor>true</noForegroundColor>
</sourceLabel>
<points>
<point x="766" y="682"/>
<point x="766" y="574"/>
</points>
</Connector>
</connectors>
</Diagram>