<?xml version = '1.0' encoding = 'UTF-8'?>
<Entity class="oracle.dbtools.crest.model.design.logical.Entity" directorySegmentName="seg_0" id="183F5954-F8BF-CDFE-BAF3-0245B2D15C20" name="ACTIVITY">
<createdBy>Siew</createdBy>
<createdTime>2019-04-23 14:43:59 UTC</createdTime>
<ownerDesignName>airtnt_oraclemodel</ownerDesignName>
<adequatelyNormalized>NO</adequatelyNormalized>
<expectedVolumes>0</expectedVolumes>
<fwdEngineeringStrategyName>Single Table</fwdEngineeringStrategyName>
<growthPercent>0</growthPercent>
<growthType>Year</growthType>
<maxVolumes>9999999</maxVolumes>
<minVolumes>0</minVolumes>
<normalForm>Third</normalForm>
<attributes itemClass="oracle.dbtools.crest.model.design.logical.Attribute">
<Attribute name="activitycode" id="2CBD3E8F-21A4-6FBA-C3D9-865DB4CFBF34">
<createdBy>Siew</createdBy>
<createdTime>2019-04-23 14:44:12 UTC</createdTime>
<comment>activitycode of activity</comment>
<ownerDesignName>airtnt_oraclemodel</ownerDesignName>
<useDomainConstraints>false</useDomainConstraints>
<use>1</use>
<logicalDatatype>LOGDT011</logicalDatatype>
<ownDataTypeParameters>,,</ownDataTypeParameters>
</Attribute>
<Attribute name="activityname" id="6E3210EF-25BC-0082-1D65-94EC71AFB6F7">
<createdBy>Siew</createdBy>
<createdTime>2019-04-23 14:44:19 UTC</createdTime>
<comment>name of activity</comment>
<ownerDesignName>airtnt_oraclemodel</ownerDesignName>
<useDomainConstraints>false</useDomainConstraints>
<use>1</use>
<logicalDatatype>LOGDT024</logicalDatatype>
<dataTypeSize>50</dataTypeSize>
<ownDataTypeParameters>50,,</ownDataTypeParameters>
</Attribute>
<Attribute name="description" id="6576234E-2814-9A28-B538-0FAAED8A21D6">
<createdBy>Siew</createdBy>
<createdTime>2019-04-23 14:44:28 UTC</createdTime>
<comment>description of activity</comment>
<ownerDesignName>airtnt_oraclemodel</ownerDesignName>
<useDomainConstraints>false</useDomainConstraints>
<use>1</use>
<logicalDatatype>LogDes-1768A872-F385-FDBA-D95E-0CB63F5908E2@LOGDT10045</logicalDatatype>
<ownDataTypeParameters>,,</ownDataTypeParameters>
</Attribute>
<Attribute name="duration" id="F0A049DA-B46F-2CD7-0E0E-1F4187B24C50">
<createdBy>Siew</createdBy>
<createdTime>2019-04-23 14:44:35 UTC</createdTime>
<comment>time taken for activity conduct</comment>
<ownerDesignName>airtnt_oraclemodel</ownerDesignName>
<useDomainConstraints>false</useDomainConstraints>
<use>1</use>
<logicalDatatype>LOGDT014</logicalDatatype>
<ownDataTypeParameters>,,</ownDataTypeParameters>
</Attribute>
<Attribute name="activitycost" id="919FB074-30BD-22B5-5E2D-BCF8B9653D52">
<createdBy>Siew</createdBy>
<createdTime>2019-04-27 15:00:49 UTC</createdTime>
<comment>cost of activity charge to customer</comment>
<ownerDesignName>airtnt_oraclemodel</ownerDesignName>
<useDomainConstraints>false</useDomainConstraints>
<use>1</use>
<logicalDatatype>LOGDT026</logicalDatatype>
<dataTypeScale>2</dataTypeScale>
<ownDataTypeParameters>,,2</ownDataTypeParameters>
</Attribute>
</attributes>
<identifiers itemClass="oracle.dbtools.crest.model.design.logical.CandidateKey">
<identifier id="230E813A-D29E-47EC-B221-6A046909A4CC" name="ACTIVITY PK">
<createdBy>Siew</createdBy>
<createdTime>2019-04-23 14:49:54 UTC</createdTime>
<ownerDesignName>airtnt_oraclemodel</ownerDesignName>
<pk>true</pk>
<usedAttributes>
<attributeRef>2CBD3E8F-21A4-6FBA-C3D9-865DB4CFBF34</attributeRef>
</usedAttributes>
</identifier>
</identifiers>
</Entity>