<?xml version = '1.0' encoding = 'UTF-8'?>
<Entity class="oracle.dbtools.crest.model.design.logical.Entity" directorySegmentName="seg_0" id="1DF2E4D4-DF4C-D3F9-E8CC-01850F5DEF55" name="ITEM">
<createdBy>Siew</createdBy>
<createdTime>2019-04-23 12:59:11 UTC</createdTime>
<ownerDesignName>airtnt_oraclemodel</ownerDesignName>
<adequatelyNormalized>NO</adequatelyNormalized>
<expectedVolumes>0</expectedVolumes>
<fwdEngineeringStrategyName>Single Table</fwdEngineeringStrategyName>
<growthPercent>0</growthPercent>
<growthType>Year</growthType>
<maxVolumes>9999999</maxVolumes>
<minVolumes>0</minVolumes>
<normalForm>Third</normalForm>
<attributes itemClass="oracle.dbtools.crest.model.design.logical.Attribute">
<Attribute name="itemcode" id="4A2FA9E1-6733-46F4-761A-195DCB9B278F">
<createdBy>Siew</createdBy>
<createdTime>2019-04-23 12:59:43 UTC</createdTime>
<comment>item code of an item</comment>
<ownerDesignName>airtnt_oraclemodel</ownerDesignName>
<useDomainConstraints>false</useDomainConstraints>
<use>1</use>
<logicalDatatype>LOGDT024</logicalDatatype>
<dataTypeSize>7</dataTypeSize>
<ownDataTypeParameters>7,,</ownDataTypeParameters>
</Attribute>
<Attribute name="itemcost" id="4DA07839-3727-D3C5-703A-449FD59FF84A">
<createdBy>Siew</createdBy>
<createdTime>2019-04-23 13:01:09 UTC</createdTime>
<comment>item cost of an item</comment>
<ownerDesignName>airtnt_oraclemodel</ownerDesignName>
<useDomainConstraints>false</useDomainConstraints>
<use>1</use>
<logicalDatatype>LOGDT026</logicalDatatype>
<dataTypeScale>2</dataTypeScale>
<ownDataTypeParameters>,,2</ownDataTypeParameters>
</Attribute>
<Attribute name="stock" id="73957831-657A-EB2D-3F42-EFF888FC651F">
<createdBy>Siew</createdBy>
<createdTime>2019-04-23 13:01:58 UTC</createdTime>
<comment>stock in hand of an item</comment>
<ownerDesignName>airtnt_oraclemodel</ownerDesignName>
<useDomainConstraints>false</useDomainConstraints>
<use>1</use>
<logicalDatatype>LOGDT011</logicalDatatype>
<checkConstraint>
<implementationDef dbType="Oracle Database 11g" definition="stock&gt;=0"/>
</checkConstraint>
<ownDataTypeParameters>,,</ownDataTypeParameters>
</Attribute>
<Attribute name="description" id="E6B5FC90-D980-7014-A024-94E46344A23A">
<createdBy>Siew</createdBy>
<createdTime>2019-04-23 13:01:01 UTC</createdTime>
<comment>description of an item</comment>
<ownerDesignName>airtnt_oraclemodel</ownerDesignName>
<useDomainConstraints>false</useDomainConstraints>
<use>1</use>
<logicalDatatype>LogDes-1768A872-F385-FDBA-D95E-0CB63F5908E2@LOGDT10045</logicalDatatype>
<ownDataTypeParameters>,,</ownDataTypeParameters>
</Attribute>
<Attribute name="ccentrecode" id="19D5660B-35C9-E6B5-98BC-CB0998810743">
<createdBy>Siew</createdBy>
<createdTime>2019-04-23 15:26:57 UTC</createdTime>
<comment>costcentrecode of costcentre</comment>
<generatorID>54B2AF8D-BE2B-F251-4160-62F6901536EB</generatorID>
<ownerDesignName>airtnt_oraclemodel</ownerDesignName>
<referedAttribute>39F09200-CA94-FF69-3A5A-B3631C95CC34</referedAttribute>
<useDomainConstraints>false</useDomainConstraints>
<use>1</use>
<logicalDatatype>LOGDT024</logicalDatatype>
<dataTypeSize>50</dataTypeSize>
<ownDataTypeParameters>50,,</ownDataTypeParameters>
</Attribute>
</attributes>
<identifiers itemClass="oracle.dbtools.crest.model.design.logical.CandidateKey">
<identifier id="8D5038DC-C539-3FC1-3D29-09EFA1B14833" name="ITEM PK">
<createdBy>Siew</createdBy>
<createdTime>2019-04-23 14:54:41 UTC</createdTime>
<ownerDesignName>airtnt_oraclemodel</ownerDesignName>
<pk>true</pk>
<usedAttributes>
<attributeRef>4A2FA9E1-6733-46F4-761A-195DCB9B278F</attributeRef>
</usedAttributes>
</identifier>
</identifiers>
</Entity>