<?xml version = '1.0' encoding = 'UTF-8'?>
<Entity class="oracle.dbtools.crest.model.design.logical.Entity" directorySegmentName="seg_0" id="2D6328AD-82C3-EB28-D86B-2C305F806CED" name="ACTIVITY_CONDUCT">
<createdBy>Siew</createdBy>
<createdTime>2019-04-23 14:50:04 UTC</createdTime>
<ownerDesignName>airtnt_oraclemodel</ownerDesignName>
<adequatelyNormalized>NO</adequatelyNormalized>
<expectedVolumes>0</expectedVolumes>
<fwdEngineeringStrategyName>Single Table</fwdEngineeringStrategyName>
<growthPercent>0</growthPercent>
<growthType>Year</growthType>
<maxVolumes>9999999</maxVolumes>
<minVolumes>0</minVolumes>
<normalForm>Third</normalForm>
<attributes itemClass="oracle.dbtools.crest.model.design.logical.Attribute">
<Attribute name="custid" id="79046729-0B9E-8BAC-D7AD-1ECEF854391F">
<createdBy>Siew</createdBy>
<createdTime>2019-04-24 16:54:07 UTC</createdTime>
<comment>primary keys of customer entity, Customer ID</comment>
<commentInRDBMS>primary keys of customer entity, Customer ID</commentInRDBMS>
<generatorID>A2507994-F522-5CAE-E811-366C47724A3E</generatorID>
<ownerDesignName>airtnt_oraclemodel</ownerDesignName>
<referedAttribute>54AB8406-BFB3-6EF8-B950-D2F27E7ADB0E</referedAttribute>
<useDomainConstraints>false</useDomainConstraints>
<use>1</use>
<logicalDatatype>LOGDT011</logicalDatatype>
<ownDataTypeParameters>,,</ownDataTypeParameters>
</Attribute>
<Attribute name="checkintime" id="4D1EBEBE-AD9B-46E9-0BB1-BB3471FB1E12">
<createdBy>Siew</createdBy>
<createdTime>2019-04-24 16:54:07 UTC</createdTime>
<comment>checkin date and time of an activity time of customer </comment>
<generatorID>A2507994-F522-5CAE-E811-366C47724A3E</generatorID>
<ownerDesignName>airtnt_oraclemodel</ownerDesignName>
<referedAttribute>11158206-4CC4-16C1-B209-5C0BAC78C012</referedAttribute>
<useDomainConstraints>false</useDomainConstraints>
<use>1</use>
<logicalDatatype>LOGDT015</logicalDatatype>
<ownDataTypeParameters>,,</ownDataTypeParameters>
</Attribute>
<Attribute name="activitytime" id="4520826D-1779-4075-AAD6-6FF7C25E2FC0">
<createdBy>Siew</createdBy>
<createdTime>2019-04-25 10:47:26 UTC</createdTime>
<comment>start time of activity</comment>
<notes>activity date and time of an activity</notes>
<ownerDesignName>airtnt_oraclemodel</ownerDesignName>
<useDomainConstraints>false</useDomainConstraints>
<use>1</use>
<logicalDatatype>LOGDT015</logicalDatatype>
<ownDataTypeParameters>,,</ownDataTypeParameters>
</Attribute>
<Attribute name="activitycode" id="5F8A98EF-48CF-73A0-8FB3-262C3D98B14E">
<createdBy>Siew</createdBy>
<createdTime>2019-04-25 10:48:14 UTC</createdTime>
<comment>activitycode of activity</comment>
<generatorID>C5747EBC-87D9-042B-62BE-6D743C0D4742</generatorID>
<ownerDesignName>airtnt_oraclemodel</ownerDesignName>
<referedAttribute>2CBD3E8F-21A4-6FBA-C3D9-865DB4CFBF34</referedAttribute>
<useDomainConstraints>false</useDomainConstraints>
<use>1</use>
<logicalDatatype>LOGDT011</logicalDatatype>
<ownDataTypeParameters>,,</ownDataTypeParameters>
</Attribute>
<Attribute name="prescribe_tguideid" id="0DFC6A5B-39AD-6563-B279-7C8A35F6EC59">
<createdBy>Siew</createdBy>
<createdTime>2019-04-24 15:09:20 UTC</createdTime>
<comment>tour guide id</comment>
<generatorID>DB3F5EB2-FB24-89D0-78AF-306108E542DF</generatorID>
<ownerDesignName>airtnt_oraclemodel</ownerDesignName>
<referedAttribute>995D932A-4FF4-883C-FD5C-FDEA1AB4E774</referedAttribute>
<useDomainConstraints>false</useDomainConstraints>
<use>1</use>
<logicalDatatype>LOGDT011</logicalDatatype>
<ownDataTypeParameters>,,</ownDataTypeParameters>
</Attribute>
<Attribute name="complete_tguideid" id="EB1C6E00-875A-8AFD-89BC-5FE43AFC7971">
<createdBy>Siew</createdBy>
<createdTime>2019-04-25 10:50:10 UTC</createdTime>
<comment>tour guide id</comment>
<generatorID>2CA0CF50-8011-575E-4C90-2EC65D7E0245</generatorID>
<ownerDesignName>airtnt_oraclemodel</ownerDesignName>
<nullsAllowed>true</nullsAllowed>
<referedAttribute>995D932A-4FF4-883C-FD5C-FDEA1AB4E774</referedAttribute>
<useDomainConstraints>false</useDomainConstraints>
<use>1</use>
<logicalDatatype>LOGDT011</logicalDatatype>
<ownDataTypeParameters>,,</ownDataTypeParameters>
</Attribute>
</attributes>
<identifiers itemClass="oracle.dbtools.crest.model.design.logical.CandidateKey">
<identifier id="C002EBAC-8C27-44E7-F603-21DDECE77B41" name="ACTIVITY_CONDUCT PK">
<createdBy>Siew</createdBy>
<createdTime>2019-04-23 15:16:27 UTC</createdTime>
<ownerDesignName>airtnt_oraclemodel</ownerDesignName>
<pk>true</pk>
<usedAttributes>
<attributeRef>4D1EBEBE-AD9B-46E9-0BB1-BB3471FB1E12</attributeRef>
<attributeRef>79046729-0B9E-8BAC-D7AD-1ECEF854391F</attributeRef>
<attributeRef>4520826D-1779-4075-AAD6-6FF7C25E2FC0</attributeRef>
</usedAttributes>
</identifier>
</identifiers>
</Entity>