<?xml version = '1.0' encoding = 'UTF-8'?>
<Entity class="oracle.dbtools.crest.model.design.logical.Entity" directorySegmentName="seg_0" id="44054C18-7298-5710-60CE-36B75EE4C813" name="TOURGUIDE">
<createdBy>Siew</createdBy>
<createdTime>2019-04-23 12:52:28 UTC</createdTime>
<ownerDesignName>airtnt_oraclemodel</ownerDesignName>
<adequatelyNormalized>NO</adequatelyNormalized>
<expectedVolumes>0</expectedVolumes>
<fwdEngineeringStrategyName>Single Table</fwdEngineeringStrategyName>
<growthPercent>0</growthPercent>
<growthType>Year</growthType>
<maxVolumes>9999999</maxVolumes>
<minVolumes>0</minVolumes>
<normalForm>Third</normalForm>
<attributes itemClass="oracle.dbtools.crest.model.design.logical.Attribute">
<Attribute name="tguideid" id="995D932A-4FF4-883C-FD5C-FDEA1AB4E774">
<createdBy>Siew</createdBy>
<createdTime>2019-04-23 12:52:49 UTC</createdTime>
<comment>tour guide id</comment>
<ownerDesignName>airtnt_oraclemodel</ownerDesignName>
<useDomainConstraints>false</useDomainConstraints>
<use>1</use>
<logicalDatatype>LOGDT011</logicalDatatype>
<ownDataTypeParameters>,,</ownDataTypeParameters>
</Attribute>
<Attribute name="pnumber" id="A0903F3E-9CB2-21BF-244F-3A0FE8BD87C9">
<createdBy>Siew</createdBy>
<createdTime>2019-04-23 12:55:23 UTC</createdTime>
<comment>tour guide phone number</comment>
<ownerDesignName>airtnt_oraclemodel</ownerDesignName>
<useDomainConstraints>false</useDomainConstraints>
<use>1</use>
<logicalDatatype>LOGDT019</logicalDatatype>
<dataTypePrecision>30</dataTypePrecision>
<ownDataTypeParameters>,30,</ownDataTypeParameters>
</Attribute>
<Attribute name="instag_handle" id="33BA0A65-7ACC-0305-63F7-F7E462220D7F">
<createdBy>Siew</createdBy>
<createdTime>2019-04-23 12:55:38 UTC</createdTime>
<comment>istagram handle of tour guide</comment>
<ownerDesignName>airtnt_oraclemodel</ownerDesignName>
<useDomainConstraints>false</useDomainConstraints>
<use>1</use>
<logicalDatatype>LOGDT024</logicalDatatype>
<dataTypeSize>50</dataTypeSize>
<ownDataTypeParameters>50,,</ownDataTypeParameters>
</Attribute>
<Attribute name="fname" id="49CEAB91-B5FF-AF08-2872-C1C71FAAC543">
<createdBy>Siew</createdBy>
<createdTime>2019-04-23 12:53:20 UTC</createdTime>
<comment>tour guide first name</comment>
<ownerDesignName>airtnt_oraclemodel</ownerDesignName>
<useDomainConstraints>false</useDomainConstraints>
<use>1</use>
<logicalDatatype>LOGDT024</logicalDatatype>
<dataTypeSize>50</dataTypeSize>
<ownDataTypeParameters>50,,</ownDataTypeParameters>
</Attribute>
<Attribute name="lname" id="145ADFC1-861D-F5DA-E865-B3D9CDD5DB52">
<createdBy>Siew</createdBy>
<createdTime>2019-04-23 12:55:13 UTC</createdTime>
<comment>tour guide last name&lt;br/&gt;</comment>
<ownerDesignName>airtnt_oraclemodel</ownerDesignName>
<useDomainConstraints>false</useDomainConstraints>
<use>1</use>
<logicalDatatype>LOGDT024</logicalDatatype>
<dataTypeSize>50</dataTypeSize>
<ownDataTypeParameters>50,,</ownDataTypeParameters>
</Attribute>
</attributes>
<identifiers itemClass="oracle.dbtools.crest.model.design.logical.CandidateKey">
<identifier id="95427E36-ACA2-26C5-62AF-00A59EC1E659" name="TOURGUIDE PK">
<createdBy>Siew</createdBy>
<createdTime>2019-04-23 12:53:18 UTC</createdTime>
<ownerDesignName>airtnt_oraclemodel</ownerDesignName>
<pk>true</pk>
<usedAttributes>
<attributeRef>995D932A-4FF4-883C-FD5C-FDEA1AB4E774</attributeRef>
</usedAttributes>
</identifier>
<identifier id="35F31580-BB1D-0D7B-65D2-72EF7EC37A0A" name="pnumber">
<createdBy>Siew</createdBy>
<createdTime>2019-04-29 15:32:02 UTC</createdTime>
<ownerDesignName>airtnt_oraclemodel</ownerDesignName>
<newElementsIDs>A0903F3E-9CB2-21BF-244F-3A0FE8BD87C9</newElementsIDs>
<usedAttributes>
<attributeRef>A0903F3E-9CB2-21BF-244F-3A0FE8BD87C9</attributeRef>
</usedAttributes>
</identifier>
<identifier id="39FBEE00-FC57-A8DB-0DD2-89CD986FA8BE" name="istag_handle">
<createdBy>Siew</createdBy>
<createdTime>2019-04-29 15:48:28 UTC</createdTime>
<ownerDesignName>airtnt_oraclemodel</ownerDesignName>
<newElementsIDs>33BA0A65-7ACC-0305-63F7-F7E462220D7F</newElementsIDs>
<usedAttributes>
<attributeRef>33BA0A65-7ACC-0305-63F7-F7E462220D7F</attributeRef>
</usedAttributes>
</identifier>
</identifiers>
</Entity>