<?xml version = '1.0' encoding = 'UTF-8'?>
<Entity class="oracle.dbtools.crest.model.design.logical.Entity" directorySegmentName="seg_0" id="46C9F0A7-E104-8C77-39D5-BE0427AB0C67" name="HAS_SPECIAL">
<createdBy>Siew</createdBy>
<createdTime>2019-04-23 12:58:18 UTC</createdTime>
<ownerDesignName>airtnt_oraclemodel</ownerDesignName>
<adequatelyNormalized>NO</adequatelyNormalized>
<expectedVolumes>0</expectedVolumes>
<fwdEngineeringStrategyName>Single Table</fwdEngineeringStrategyName>
<growthPercent>0</growthPercent>
<growthType>Year</growthType>
<maxVolumes>9999999</maxVolumes>
<minVolumes>0</minVolumes>
<normalForm>Third</normalForm>
<preferredAbbreviation>HAS_SPECIAL</preferredAbbreviation>
<shortName>HAS_SPECIALI</shortName>
<attributes itemClass="oracle.dbtools.crest.model.design.logical.Attribute">
<Attribute name="tguideid" id="FF1638DB-DAD9-A2B2-0F5A-C8B208480BF5">
<createdBy>Siew</createdBy>
<createdTime>2019-04-24 05:16:04 UTC</createdTime>
<comment>tour guide id</comment>
<generatorID>DF63DBA2-5364-51C0-A749-E2D6FFEA293E</generatorID>
<ownerDesignName>airtnt_oraclemodel</ownerDesignName>
<referedAttribute>995D932A-4FF4-883C-FD5C-FDEA1AB4E774</referedAttribute>
<useDomainConstraints>false</useDomainConstraints>
<use>1</use>
<logicalDatatype>LOGDT011</logicalDatatype>
<ownDataTypeParameters>,,</ownDataTypeParameters>
</Attribute>
<Attribute name="spname" id="444A07D8-8E29-3A47-84F0-29933CFEEAFD">
<createdBy>Siew</createdBy>
<createdTime>2019-04-29 12:40:03 UTC</createdTime>
<comment>specialisation names </comment>
<generatorID>EFCF2A7B-B011-2B8E-3C74-00FDF9BDDBA0</generatorID>
<ownerDesignName>airtnt_oraclemodel</ownerDesignName>
<referedAttribute>84871FD0-5B79-8B75-F16D-F5BE6C6C80B1</referedAttribute>
<useDomainConstraints>false</useDomainConstraints>
<use>1</use>
<logicalDatatype>LOGDT024</logicalDatatype>
<dataTypeSize>50</dataTypeSize>
<ownDataTypeParameters>50,,</ownDataTypeParameters>
</Attribute>
</attributes>
<identifiers itemClass="oracle.dbtools.crest.model.design.logical.CandidateKey">
<identifier id="550B42A0-C5DF-758F-284B-20BEC562BC54" name="HAS_SPECIALISATION PK">
<createdBy>Siew</createdBy>
<createdTime>2019-04-23 15:43:13 UTC</createdTime>
<ownerDesignName>airtnt_oraclemodel</ownerDesignName>
<pk>true</pk>
<usedAttributes>
<attributeRef>FF1638DB-DAD9-A2B2-0F5A-C8B208480BF5</attributeRef>
<attributeRef>444A07D8-8E29-3A47-84F0-29933CFEEAFD</attributeRef>
</usedAttributes>
</identifier>
</identifiers>
</Entity>