<?xml version = '1.0' encoding = 'UTF-8'?>
<Entity class="oracle.dbtools.crest.model.design.logical.Entity" directorySegmentName="seg_0" id="5F50D80B-5D69-FBAC-0A3E-AA6602160052" name="BOOK">
<createdBy>Siew</createdBy>
<createdTime>2019-04-25 16:11:59 UTC</createdTime>
<ownerDesignName>airtnt_oraclemodel</ownerDesignName>
<adequatelyNormalized>NO</adequatelyNormalized>
<expectedVolumes>0</expectedVolumes>
<fwdEngineeringStrategyName>Single Table</fwdEngineeringStrategyName>
<growthPercent>0</growthPercent>
<growthType>Year</growthType>
<maxVolumes>9999999</maxVolumes>
<minVolumes>0</minVolumes>
<normalForm>Third</normalForm>
<attributes itemClass="oracle.dbtools.crest.model.design.logical.Attribute">
<Attribute name="checkintime" id="DA29E0F4-51F8-9422-1FDB-F9E5CA244080">
<createdBy>Siew</createdBy>
<createdTime>2019-04-25 16:14:02 UTC</createdTime>
<comment>checkin date and time of an activity time of customer </comment>
<generatorID>95C33CDF-613D-B6FA-283D-077CD202AAB2</generatorID>
<ownerDesignName>airtnt_oraclemodel</ownerDesignName>
<referedAttribute>11158206-4CC4-16C1-B209-5C0BAC78C012</referedAttribute>
<useDomainConstraints>false</useDomainConstraints>
<use>1</use>
<logicalDatatype>LOGDT015</logicalDatatype>
<ownDataTypeParameters>,,</ownDataTypeParameters>
</Attribute>
<Attribute name="custid" id="DDFE4B63-28CF-0151-F633-BFB81540DA69">
<createdBy>Siew</createdBy>
<createdTime>2019-04-25 16:14:02 UTC</createdTime>
<comment>primary keys of customer entity, Customer ID</comment>
<commentInRDBMS>primary keys of customer entity, Customer ID</commentInRDBMS>
<generatorID>95C33CDF-613D-B6FA-283D-077CD202AAB2</generatorID>
<ownerDesignName>airtnt_oraclemodel</ownerDesignName>
<referedAttribute>54AB8406-BFB3-6EF8-B950-D2F27E7ADB0E</referedAttribute>
<useDomainConstraints>false</useDomainConstraints>
<use>1</use>
<logicalDatatype>LOGDT011</logicalDatatype>
<ownDataTypeParameters>,,</ownDataTypeParameters>
</Attribute>
<Attribute name="roomnum" id="11A9CF35-1FBB-2987-1465-05D26D4B2DEB">
<createdBy>Siew</createdBy>
<createdTime>2019-04-25 16:14:47 UTC</createdTime>
<comment>roomnumber of particular houseshare</comment>
<generatorID>C2B5E167-960A-64AA-D1C2-1E67B92E56EB</generatorID>
<ownerDesignName>airtnt_oraclemodel</ownerDesignName>
<referedAttribute>0FBF5157-6BBB-50B9-6CF0-DB658DCD1C0C</referedAttribute>
<useDomainConstraints>false</useDomainConstraints>
<use>1</use>
<logicalDatatype>LOGDT011</logicalDatatype>
<ownDataTypeParameters>,,</ownDataTypeParameters>
</Attribute>
<Attribute name="hsharecode" id="3886FBB7-A698-8199-A45B-FFCDAE0F3295">
<createdBy>Siew</createdBy>
<createdTime>2019-04-25 16:14:47 UTC</createdTime>
<comment>houseshare code of houseshare</comment>
<generatorID>C2B5E167-960A-64AA-D1C2-1E67B92E56EB</generatorID>
<ownerDesignName>airtnt_oraclemodel</ownerDesignName>
<referedAttribute>CF1539CF-D12E-50C6-0EAD-2757442B7A2A</referedAttribute>
<useDomainConstraints>false</useDomainConstraints>
<use>1</use>
<logicalDatatype>LOGDT011</logicalDatatype>
<ownDataTypeParameters>,,</ownDataTypeParameters>
</Attribute>
</attributes>
<identifiers itemClass="oracle.dbtools.crest.model.design.logical.CandidateKey">
<identifier id="7B1F9687-EDEF-0359-2DB9-7EF547FC48CD" name="BOOK_ROOM PK">
<createdBy>Siew</createdBy>
<createdTime>2019-04-25 16:14:02 UTC</createdTime>
<ownerDesignName>airtnt_oraclemodel</ownerDesignName>
<pk>true</pk>
<usedAttributes>
<attributeRef>DA29E0F4-51F8-9422-1FDB-F9E5CA244080</attributeRef>
<attributeRef>DDFE4B63-28CF-0151-F633-BFB81540DA69</attributeRef>
<attributeRef>11A9CF35-1FBB-2987-1465-05D26D4B2DEB</attributeRef>
<attributeRef>3886FBB7-A698-8199-A45B-FFCDAE0F3295</attributeRef>
</usedAttributes>
</identifier>
</identifiers>
</Entity>