<?xml version = '1.0' encoding = 'UTF-8'?>
<Entity class="oracle.dbtools.crest.model.design.logical.Entity" directorySegmentName="seg_0" id="7BC5B9AB-7DDC-9E18-E229-087FE5AC41B5" name="HAS_TASK">
<createdBy>Siew</createdBy>
<createdTime>2019-04-23 14:42:10 UTC</createdTime>
<ownerDesignName>airtnt_oraclemodel</ownerDesignName>
<adequatelyNormalized>NO</adequatelyNormalized>
<expectedVolumes>0</expectedVolumes>
<fwdEngineeringStrategyName>Single Table</fwdEngineeringStrategyName>
<growthPercent>0</growthPercent>
<growthType>Year</growthType>
<maxVolumes>9999999</maxVolumes>
<minVolumes>0</minVolumes>
<normalForm>Third</normalForm>
<preferredAbbreviation>HAS_TASK</preferredAbbreviation>
<shortName>HAS_TASK</shortName>
<attributes itemClass="oracle.dbtools.crest.model.design.logical.Attribute">
<Attribute name="hsharecode" id="0F7CC50E-D443-82BA-BBFF-3FEC5CDF5A59">
<createdBy>Siew</createdBy>
<createdTime>2019-04-23 15:12:55 UTC</createdTime>
<comment>houseshare code of houseshare</comment>
<generatorID>3B4BA628-467F-568E-3543-575D270C5495</generatorID>
<ownerDesignName>airtnt_oraclemodel</ownerDesignName>
<referedAttribute>F95C3F4D-0050-0CBF-99D7-B183B08EDF25</referedAttribute>
<useDomainConstraints>false</useDomainConstraints>
<use>1</use>
<logicalDatatype>LOGDT011</logicalDatatype>
<ownDataTypeParameters>,,</ownDataTypeParameters>
</Attribute>
<Attribute name="date_assigned" id="DA8C425F-E70B-AC41-1427-7D4A2144CCDA">
<createdBy>Siew</createdBy>
<createdTime>2019-04-23 14:43:05 UTC</createdTime>
<comment>date assigned of housekeeper assignment</comment>
<ownerDesignName>airtnt_oraclemodel</ownerDesignName>
<useDomainConstraints>false</useDomainConstraints>
<use>1</use>
<logicalDatatype>LOGDT007</logicalDatatype>
<ownDataTypeParameters>,,</ownDataTypeParameters>
</Attribute>
<Attribute name="date_complete" id="B3B061FD-D50D-94E4-E4C1-58A710BAA015">
<createdBy>Siew</createdBy>
<createdTime>2019-04-23 14:43:16 UTC</createdTime>
<comment>date complete of housekeeper assignment</comment>
<ownerDesignName>airtnt_oraclemodel</ownerDesignName>
<constraintName>chk_date_complete</constraintName>
<nullsAllowed>true</nullsAllowed>
<useDomainConstraints>false</useDomainConstraints>
<use>1</use>
<logicalDatatype>LOGDT007</logicalDatatype>
<checkConstraint>
<implementationDef dbType="Oracle Database 11g" definition="date_complete &gt; date_assigned"/>
</checkConstraint>
<ownDataTypeParameters>,,</ownDataTypeParameters>
</Attribute>
<Attribute name="hkeeperid" id="BFAFFBAD-25B1-A7FE-E740-09A1B0E96576">
<createdBy>Siew</createdBy>
<createdTime>2019-04-24 15:34:45 UTC</createdTime>
<comment> housekeeper id</comment>
<generatorID>ADA49888-AA74-1BCA-AA9F-DD9B04233497</generatorID>
<ownerDesignName>airtnt_oraclemodel</ownerDesignName>
<referedAttribute>71F97A91-6CB1-A27F-3393-FC4F41CBB7CE</referedAttribute>
<useDomainConstraints>false</useDomainConstraints>
<use>1</use>
<logicalDatatype>LOGDT011</logicalDatatype>
<ownDataTypeParameters>,,</ownDataTypeParameters>
</Attribute>
</attributes>
<identifiers itemClass="oracle.dbtools.crest.model.design.logical.CandidateKey">
<identifier id="FB5D2209-38ED-28CB-0CB8-B8E3851C8F9A" name="HOUSEKEEPER_ASSIGNMENT PK">
<createdBy>Siew</createdBy>
<createdTime>2019-04-23 14:43:42 UTC</createdTime>
<ownerDesignName>airtnt_oraclemodel</ownerDesignName>
<pk>true</pk>
<usedAttributes>
<attributeRef>DA8C425F-E70B-AC41-1427-7D4A2144CCDA</attributeRef>
<attributeRef>0F7CC50E-D443-82BA-BBFF-3FEC5CDF5A59</attributeRef>
</usedAttributes>
</identifier>
</identifiers>
</Entity>