<?xml version = '1.0' encoding = 'UTF-8'?>
<Entity class="oracle.dbtools.crest.model.design.logical.Entity" directorySegmentName="seg_0" id="8C09D1BD-EA03-73E8-B15F-AA29A1488775" name="CHECK_IN">
<createdBy>Siew</createdBy>
<createdTime>2019-04-23 12:07:10 UTC</createdTime>
<ownerDesignName>airtnt_oraclemodel</ownerDesignName>
<adequatelyNormalized>NO</adequatelyNormalized>
<expectedVolumes>0</expectedVolumes>
<fwdEngineeringStrategyName>Single Table</fwdEngineeringStrategyName>
<growthPercent>0</growthPercent>
<growthType>Year</growthType>
<maxVolumes>9999999</maxVolumes>
<minVolumes>0</minVolumes>
<normalForm>Third</normalForm>
<attributes itemClass="oracle.dbtools.crest.model.design.logical.Attribute">
<Attribute name="custid" id="54AB8406-BFB3-6EF8-B950-D2F27E7ADB0E">
<createdBy>Siew</createdBy>
<createdTime>2019-04-24 11:31:39 UTC</createdTime>
<comment>primary keys of customer entity, Customer ID</comment>
<commentInRDBMS>primary keys of customer entity, Customer ID</commentInRDBMS>
<generatorID>063839B5-F643-488B-F666-FD95B9B0EE17</generatorID>
<ownerDesignName>airtnt_oraclemodel</ownerDesignName>
<referedAttribute>DE35442A-98DC-3B24-5939-0FA6B9312FF1</referedAttribute>
<useDomainConstraints>false</useDomainConstraints>
<use>1</use>
<logicalDatatype>LOGDT011</logicalDatatype>
<ownDataTypeParameters>,,</ownDataTypeParameters>
</Attribute>
<Attribute name="checkintime" id="11158206-4CC4-16C1-B209-5C0BAC78C012">
<createdBy>Siew</createdBy>
<createdTime>2019-04-23 12:07:55 UTC</createdTime>
<comment>checkin date and time of an activity time of customer </comment>
<ownerDesignName>airtnt_oraclemodel</ownerDesignName>
<useDomainConstraints>false</useDomainConstraints>
<use>1</use>
<logicalDatatype>LOGDT015</logicalDatatype>
<ownDataTypeParameters>,,</ownDataTypeParameters>
</Attribute>
<Attribute name="invoicecode" id="BDB1877F-65AB-9E08-4E18-08E34CBA673E">
<createdBy>Siew</createdBy>
<createdTime>2019-04-29 12:31:05 UTC</createdTime>
<comment>receipt code refers to code from receipt document</comment>
<ownerDesignName>airtnt_oraclemodel</ownerDesignName>
<useDomainConstraints>false</useDomainConstraints>
<use>1</use>
<logicalDatatype>LOGDT024</logicalDatatype>
<dataTypeSize>50</dataTypeSize>
<ownDataTypeParameters>50,,</ownDataTypeParameters>
</Attribute>
<Attribute name="checkouttime" id="B91038DC-077B-A1E1-DB61-6090C29A815D">
<createdBy>Siew</createdBy>
<createdTime>2019-04-23 12:08:07 UTC</createdTime>
<comment>check out time and date of customer for particular check in </comment>
<ownerDesignName>airtnt_oraclemodel</ownerDesignName>
<nullsAllowed>true</nullsAllowed>
<useDomainConstraints>false</useDomainConstraints>
<use>1</use>
<logicalDatatype>LOGDT015</logicalDatatype>
<ownDataTypeParameters>,,</ownDataTypeParameters>
</Attribute>
<Attribute name="main_tguideid" id="1D35B9FE-99F2-307C-B27D-A555D58B873C">
<createdBy>Siew</createdBy>
<createdTime>2019-04-23 15:50:15 UTC</createdTime>
<comment>tour guide id</comment>
<generatorID>2F0C8661-1D24-B98A-0256-461C9D9F6BF6</generatorID>
<ownerDesignName>airtnt_oraclemodel</ownerDesignName>
<referedAttribute>995D932A-4FF4-883C-FD5C-FDEA1AB4E774</referedAttribute>
<useDomainConstraints>false</useDomainConstraints>
<use>1</use>
<logicalDatatype>LOGDT011</logicalDatatype>
<ownDataTypeParameters>,,</ownDataTypeParameters>
</Attribute>
</attributes>
<identifiers itemClass="oracle.dbtools.crest.model.design.logical.CandidateKey">
<identifier id="3DECD065-FA07-084D-5B5C-B784AFDE7D72" name="CHECK-IN PK">
<createdBy>Siew</createdBy>
<createdTime>2019-04-23 12:39:51 UTC</createdTime>
<ownerDesignName>airtnt_oraclemodel</ownerDesignName>
<pk>true</pk>
<usedAttributes>
<attributeRef>11158206-4CC4-16C1-B209-5C0BAC78C012</attributeRef>
<attributeRef>54AB8406-BFB3-6EF8-B950-D2F27E7ADB0E</attributeRef>
</usedAttributes>
</identifier>
<identifier id="D65D79B4-4EBA-8A43-1271-1BA1BF5F9FE3" name="invoicecode">
<createdBy>Siew</createdBy>
<createdTime>2019-04-29 12:36:42 UTC</createdTime>
<ownerDesignName>airtnt_oraclemodel</ownerDesignName>
<newElementsIDs>BDB1877F-65AB-9E08-4E18-08E34CBA673E</newElementsIDs>
<usedAttributes>
<attributeRef>BDB1877F-65AB-9E08-4E18-08E34CBA673E</attributeRef>
</usedAttributes>
</identifier>
</identifiers>
</Entity>