<?xml version = '1.0' encoding = 'UTF-8'?>
<Entity class="oracle.dbtools.crest.model.design.logical.Entity" directorySegmentName="seg_0" id="94E89D21-223A-A664-BC80-61310CB20E23" name="HOUSESHARE">
<createdBy>Siew</createdBy>
<createdTime>2019-04-23 12:42:23 UTC</createdTime>
<ownerDesignName>airtnt_oraclemodel</ownerDesignName>
<adequatelyNormalized>NO</adequatelyNormalized>
<expectedVolumes>0</expectedVolumes>
<fwdEngineeringStrategyName>Single Table</fwdEngineeringStrategyName>
<growthPercent>0</growthPercent>
<growthType>Year</growthType>
<maxVolumes>9999999</maxVolumes>
<minVolumes>0</minVolumes>
<normalForm>Third</normalForm>
<preferredAbbreviation>HOUSESHARE</preferredAbbreviation>
<shortName>HOUSESHARE</shortName>
<attributes itemClass="oracle.dbtools.crest.model.design.logical.Attribute">
<Attribute name="hsharecode" id="F95C3F4D-0050-0CBF-99D7-B183B08EDF25">
<createdBy>Siew</createdBy>
<createdTime>2019-04-23 12:42:40 UTC</createdTime>
<comment>houseshare code of houseshare</comment>
<ownerDesignName>airtnt_oraclemodel</ownerDesignName>
<useDomainConstraints>false</useDomainConstraints>
<use>1</use>
<logicalDatatype>LOGDT011</logicalDatatype>
<ownDataTypeParameters>,,</ownDataTypeParameters>
</Attribute>
<Attribute name="hsharename" id="2F13E612-8D22-2B7B-EF00-1C990B8765EF">
<createdBy>Siew</createdBy>
<createdTime>2019-04-23 12:44:12 UTC</createdTime>
<comment>houseshare name of houseshare</comment>
<ownerDesignName>airtnt_oraclemodel</ownerDesignName>
<useDomainConstraints>false</useDomainConstraints>
<use>1</use>
<logicalDatatype>LogDes-1768A872-F385-FDBA-D95E-0CB63F5908E2@LOGDT10045</logicalDatatype>
<ownDataTypeParameters>,,</ownDataTypeParameters>
</Attribute>
<Attribute name="countrycode" id="D07EC8C0-C0FA-525E-0192-58674ACE7296">
<createdBy>Siew</createdBy>
<createdTime>2019-04-29 16:00:17 UTC</createdTime>
<comment>country code of houseshare located </comment>
<ownerDesignName>airtnt_oraclemodel</ownerDesignName>
<useDomainConstraints>false</useDomainConstraints>
<use>1</use>
<logicalDatatype>LOGDT024</logicalDatatype>
<dataTypeSize>3</dataTypeSize>
<ownDataTypeParameters>3,,</ownDataTypeParameters>
</Attribute>
<Attribute name="numofroom" id="23F1F478-9E7C-8EFE-3AAA-FF7690A78D64">
<createdBy>Siew</createdBy>
<createdTime>2019-04-23 12:45:02 UTC</createdTime>
<comment>specify number of room </comment>
<ownerDesignName>airtnt_oraclemodel</ownerDesignName>
<nullsAllowed>true</nullsAllowed>
<useDomainConstraints>false</useDomainConstraints>
<use>1</use>
<logicalDatatype>LOGDT011</logicalDatatype>
<checkConstraint>
<implementationDef dbType="Oracle Database 11g" definition="numofroom &gt;= 0 "/>
</checkConstraint>
<ownDataTypeParameters>,,</ownDataTypeParameters>
</Attribute>
<Attribute name="numofemptyroom" id="8DEA93FA-D45A-5A07-E27F-6FFEDEF004B3">
<createdBy>Siew</createdBy>
<createdTime>2019-05-01 05:27:26 UTC</createdTime>
<ownerDesignName>airtnt_oraclemodel</ownerDesignName>
<nullsAllowed>true</nullsAllowed>
<useDomainConstraints>false</useDomainConstraints>
<use>1</use>
<logicalDatatype>LOGDT011</logicalDatatype>
<ownDataTypeParameters>,,</ownDataTypeParameters>
</Attribute>
</attributes>
<identifiers itemClass="oracle.dbtools.crest.model.design.logical.CandidateKey">
<identifier id="BC587D8C-9008-79C9-8FC9-A4568464094D" name="HOUSESHARE PK">
<createdBy>Siew</createdBy>
<createdTime>2019-04-23 12:44:52 UTC</createdTime>
<ownerDesignName>airtnt_oraclemodel</ownerDesignName>
<pk>true</pk>
<usedAttributes>
<attributeRef>F95C3F4D-0050-0CBF-99D7-B183B08EDF25</attributeRef>
</usedAttributes>
</identifier>
</identifiers>
</Entity>