<?xml version = '1.0' encoding = 'UTF-8'?>
<Entity class="oracle.dbtools.crest.model.design.logical.Entity" directorySegmentName="seg_0" id="A54582BF-6DDF-7A95-0E21-CA9EDEA2D952" name="COSTCENTRE">
<createdBy>Siew</createdBy>
<createdTime>2019-04-23 13:03:25 UTC</createdTime>
<ownerDesignName>airtnt_oraclemodel</ownerDesignName>
<adequatelyNormalized>NO</adequatelyNormalized>
<expectedVolumes>0</expectedVolumes>
<fwdEngineeringStrategyName>Single Table</fwdEngineeringStrategyName>
<growthPercent>0</growthPercent>
<growthType>Year</growthType>
<maxVolumes>9999999</maxVolumes>
<minVolumes>0</minVolumes>
<normalForm>Third</normalForm>
<attributes itemClass="oracle.dbtools.crest.model.design.logical.Attribute">
<Attribute name="ccentrecode" id="39F09200-CA94-FF69-3A5A-B3631C95CC34">
<createdBy>Siew</createdBy>
<createdTime>2019-04-23 14:33:28 UTC</createdTime>
<comment>costcentrecode of costcentre</comment>
<ownerDesignName>airtnt_oraclemodel</ownerDesignName>
<useDomainConstraints>false</useDomainConstraints>
<use>1</use>
<logicalDatatype>LOGDT024</logicalDatatype>
<dataTypeSize>50</dataTypeSize>
<ownDataTypeParameters>50,,</ownDataTypeParameters>
</Attribute>
<Attribute name="title" id="B71AECCF-1C82-9D21-98A4-371AEA71E32D">
<createdBy>Siew</createdBy>
<createdTime>2019-04-23 14:40:32 UTC</createdTime>
<comment>title of costcentre</comment>
<ownerDesignName>airtnt_oraclemodel</ownerDesignName>
<useDomainConstraints>false</useDomainConstraints>
<use>1</use>
<logicalDatatype>LogDes-1768A872-F385-FDBA-D95E-0CB63F5908E2@LOGDT10045</logicalDatatype>
<ownDataTypeParameters>,,</ownDataTypeParameters>
</Attribute>
<Attribute name="admin_fname" id="1B241EEB-7D79-7EAC-DB22-AB1DBAAD5434">
<createdBy>Siew</createdBy>
<createdTime>2019-04-23 14:40:45 UTC</createdTime>
<comment>admin first name of costcentre</comment>
<ownerDesignName>airtnt_oraclemodel</ownerDesignName>
<useDomainConstraints>false</useDomainConstraints>
<use>1</use>
<logicalDatatype>LOGDT024</logicalDatatype>
<dataTypeSize>50</dataTypeSize>
<ownDataTypeParameters>50,,</ownDataTypeParameters>
</Attribute>
<Attribute name="admin_lname" id="7840E5B3-0A58-0739-B6EC-ACDD5E316A33">
<createdBy>Siew</createdBy>
<createdTime>2019-04-29 14:59:48 UTC</createdTime>
<comment>admin last name of costcentre</comment>
<ownerDesignName>airtnt_oraclemodel</ownerDesignName>
<useDomainConstraints>false</useDomainConstraints>
<use>1</use>
<logicalDatatype>LOGDT024</logicalDatatype>
<dataTypeSize>50</dataTypeSize>
<ownDataTypeParameters>50,,</ownDataTypeParameters>
</Attribute>
</attributes>
<identifiers itemClass="oracle.dbtools.crest.model.design.logical.CandidateKey">
<identifier id="8E3339CA-6C0D-F173-D2AA-EAC89DBE9B8A" name="costcentre PK">
<createdBy>Siew</createdBy>
<createdTime>2019-04-23 14:41:30 UTC</createdTime>
<ownerDesignName>airtnt_oraclemodel</ownerDesignName>
<pk>true</pk>
<usedAttributes>
<attributeRef>39F09200-CA94-FF69-3A5A-B3631C95CC34</attributeRef>
</usedAttributes>
</identifier>
</identifiers>
</Entity>