<?xml version = '1.0' encoding = 'UTF-8'?>
<Entity class="oracle.dbtools.crest.model.design.logical.Entity" directorySegmentName="seg_0" id="BDA5884F-FF74-2F3C-086B-C7DDCF5C9B72" name="ROOM">
<createdBy>Siew</createdBy>
<createdTime>2019-04-23 12:40:29 UTC</createdTime>
<ownerDesignName>airtnt_oraclemodel</ownerDesignName>
<adequatelyNormalized>NO</adequatelyNormalized>
<expectedVolumes>0</expectedVolumes>
<fwdEngineeringStrategyName>Single Table</fwdEngineeringStrategyName>
<growthPercent>0</growthPercent>
<growthType>Year</growthType>
<maxVolumes>9999999</maxVolumes>
<minVolumes>0</minVolumes>
<normalForm>Third</normalForm>
<attributes itemClass="oracle.dbtools.crest.model.design.logical.Attribute">
<Attribute name="roomnum" id="0FBF5157-6BBB-50B9-6CF0-DB658DCD1C0C">
<createdBy>Siew</createdBy>
<createdTime>2019-04-23 12:40:59 UTC</createdTime>
<comment>roomnumber of particular houseshare</comment>
<ownerDesignName>airtnt_oraclemodel</ownerDesignName>
<useDomainConstraints>false</useDomainConstraints>
<use>1</use>
<logicalDatatype>LOGDT011</logicalDatatype>
<ownDataTypeParameters>,,</ownDataTypeParameters>
</Attribute>
<Attribute name="hsharecode" id="CF1539CF-D12E-50C6-0EAD-2757442B7A2A">
<createdBy>Siew</createdBy>
<createdTime>2019-04-23 15:00:14 UTC</createdTime>
<comment>houseshare code of houseshare</comment>
<generatorID>1643FC38-4662-0B46-8DAC-17414633C619</generatorID>
<ownerDesignName>airtnt_oraclemodel</ownerDesignName>
<referedAttribute>F95C3F4D-0050-0CBF-99D7-B183B08EDF25</referedAttribute>
<useDomainConstraints>false</useDomainConstraints>
<use>1</use>
<logicalDatatype>LOGDT011</logicalDatatype>
<ownDataTypeParameters>,,</ownDataTypeParameters>
</Attribute>
<Attribute name="is_available" id="2E849E86-636A-B1F6-170E-90B8630056B7">
<createdBy>Siew</createdBy>
<createdTime>2019-04-24 12:39:19 UTC</createdTime>
<comment>store value of &apos;yes&apos; if room is currently available or &apos; no&apos; if room is currently occupied by user</comment>
<ownerDesignName>airtnt_oraclemodel</ownerDesignName>
<constraintName>chk_is_available</constraintName>
<useDomainConstraints>false</useDomainConstraints>
<use>1</use>
<logicalDatatype>LOGDT024</logicalDatatype>
<dataTypeSize>3</dataTypeSize>
<listOfValues>
<valueDef value="no" description="is not available room"/>
<valueDef value="yes" description="it is available room"/>
</listOfValues>
<ownDataTypeParameters>3,,</ownDataTypeParameters>
</Attribute>
<Attribute name="roomtype" id="E02E6FD5-D796-C60F-2C74-FADCFAE4BACE">
<createdBy>Siew</createdBy>
<createdTime>2019-04-24 12:41:12 UTC</createdTime>
<comment>store value openplan or fixed for room type  </comment>
<ownerDesignName>airtnt_oraclemodel</ownerDesignName>
<constraintName>chk_roomtype</constraintName>
<useDomainConstraints>false</useDomainConstraints>
<use>1</use>
<logicalDatatype>LOGDT024</logicalDatatype>
<dataTypeSize>8</dataTypeSize>
<listOfValues>
<valueDef value="fixed" description="fixed type"/>
<valueDef value="openplan" description="open-plan type"/>
</listOfValues>
<ownDataTypeParameters>8,,</ownDataTypeParameters>
</Attribute>
<Attribute name="pnumber" id="5A625448-1BBC-7A2E-AF8C-0EBBA15FE803">
<createdBy>Siew</createdBy>
<createdTime>2019-04-24 12:40:42 UTC</createdTime>
<comment>phone number of room </comment>
<ownerDesignName>airtnt_oraclemodel</ownerDesignName>
<nullsAllowed>true</nullsAllowed>
<useDomainConstraints>false</useDomainConstraints>
<use>1</use>
<logicalDatatype>LOGDT019</logicalDatatype>
<dataTypePrecision>30</dataTypePrecision>
<ownDataTypeParameters>,30,</ownDataTypeParameters>
</Attribute>
</attributes>
<identifiers itemClass="oracle.dbtools.crest.model.design.logical.CandidateKey">
<identifier id="0EACF26E-FE9D-8CC1-2EA2-CAA4AB63CEE2" name="ROOM PK">
<createdBy>Siew</createdBy>
<createdTime>2019-04-23 12:41:15 UTC</createdTime>
<ownerDesignName>airtnt_oraclemodel</ownerDesignName>
<pk>true</pk>
<usedAttributes>
<attributeRef>0FBF5157-6BBB-50B9-6CF0-DB658DCD1C0C</attributeRef>
<attributeRef>CF1539CF-D12E-50C6-0EAD-2757442B7A2A</attributeRef>
</usedAttributes>
</identifier>
<identifier id="4B853837-44C5-B940-CC2C-66DB2E565193" name="pnumber">
<createdBy>Siew</createdBy>
<createdTime>2019-04-29 15:42:34 UTC</createdTime>
<ownerDesignName>airtnt_oraclemodel</ownerDesignName>
<newElementsIDs>5A625448-1BBC-7A2E-AF8C-0EBBA15FE803</newElementsIDs>
<usedAttributes>
<attributeRef>5A625448-1BBC-7A2E-AF8C-0EBBA15FE803</attributeRef>
</usedAttributes>
</identifier>
</identifiers>
</Entity>