<?xml version = '1.0' encoding = 'UTF-8'?>
<Entity class="oracle.dbtools.crest.model.design.logical.Entity" directorySegmentName="seg_0" id="E5CBB792-1C6E-3890-F808-D5311C528A07" name="SPECIALISATION">
<createdBy>Siew</createdBy>
<createdTime>2019-04-23 12:56:41 UTC</createdTime>
<ownerDesignName>airtnt_oraclemodel</ownerDesignName>
<adequatelyNormalized>NO</adequatelyNormalized>
<expectedVolumes>0</expectedVolumes>
<fwdEngineeringStrategyName>Single Table</fwdEngineeringStrategyName>
<growthPercent>0</growthPercent>
<growthType>Year</growthType>
<maxVolumes>9999999</maxVolumes>
<minVolumes>0</minVolumes>
<normalForm>Third</normalForm>
<attributes itemClass="oracle.dbtools.crest.model.design.logical.Attribute">
<Attribute name="spname" id="84871FD0-5B79-8B75-F16D-F5BE6C6C80B1">
<createdBy>Siew</createdBy>
<createdTime>2019-04-23 12:57:21 UTC</createdTime>
<comment>specialisation names </comment>
<ownerDesignName>airtnt_oraclemodel</ownerDesignName>
<useDomainConstraints>false</useDomainConstraints>
<use>1</use>
<logicalDatatype>LOGDT024</logicalDatatype>
<dataTypeSize>50</dataTypeSize>
<ownDataTypeParameters>50,,</ownDataTypeParameters>
</Attribute>
</attributes>
<identifiers itemClass="oracle.dbtools.crest.model.design.logical.CandidateKey">
<identifier id="170B0B1F-C858-59EE-A51C-534B2922EEE0" name="SPECIALISATION PK">
<createdBy>Siew</createdBy>
<createdTime>2019-04-23 12:58:03 UTC</createdTime>
<ownerDesignName>airtnt_oraclemodel</ownerDesignName>
<pk>true</pk>
<usedAttributes>
<attributeRef>84871FD0-5B79-8B75-F16D-F5BE6C6C80B1</attributeRef>
</usedAttributes>
</identifier>
</identifiers>
</Entity>