<?xml version = '1.0' encoding = 'UTF-8'?>
<Entity class="oracle.dbtools.crest.model.design.logical.Entity" directorySegmentName="seg_0" id="E86DC262-4430-35B8-8E40-92103B960C5B" name="HAS_ITEM">
<createdBy>Siew</createdBy>
<createdTime>2019-04-23 14:53:07 UTC</createdTime>
<ownerDesignName>airtnt_oraclemodel</ownerDesignName>
<adequatelyNormalized>NO</adequatelyNormalized>
<expectedVolumes>0</expectedVolumes>
<fwdEngineeringStrategyName>Single Table</fwdEngineeringStrategyName>
<growthPercent>0</growthPercent>
<growthType>Year</growthType>
<maxVolumes>9999999</maxVolumes>
<minVolumes>0</minVolumes>
<normalForm>Third</normalForm>
<attributes itemClass="oracle.dbtools.crest.model.design.logical.Attribute">
<Attribute name="custid" id="AA77A583-61C2-F800-EB27-F8AD5D774589">
<createdBy>Siew</createdBy>
<createdTime>2019-04-24 16:54:07 UTC</createdTime>
<comment>primary keys of customer entity, Customer ID</comment>
<commentInRDBMS>primary keys of customer entity, Customer ID</commentInRDBMS>
<generatorID>5F902EAE-1DA3-52C0-E1D7-06E8BCA8D6F0</generatorID>
<ownerDesignName>airtnt_oraclemodel</ownerDesignName>
<referedAttribute>79046729-0B9E-8BAC-D7AD-1ECEF854391F</referedAttribute>
<useDomainConstraints>false</useDomainConstraints>
<use>1</use>
<logicalDatatype>LOGDT011</logicalDatatype>
<ownDataTypeParameters>,,</ownDataTypeParameters>
</Attribute>
<Attribute name="checkintime" id="52C31EF3-5298-45CA-F069-A407B8A2155B">
<createdBy>Siew</createdBy>
<createdTime>2019-04-24 16:54:07 UTC</createdTime>
<comment>checkin date and time of an activity time of customer </comment>
<generatorID>5F902EAE-1DA3-52C0-E1D7-06E8BCA8D6F0</generatorID>
<ownerDesignName>airtnt_oraclemodel</ownerDesignName>
<referedAttribute>4D1EBEBE-AD9B-46E9-0BB1-BB3471FB1E12</referedAttribute>
<useDomainConstraints>false</useDomainConstraints>
<use>1</use>
<logicalDatatype>LOGDT015</logicalDatatype>
<ownDataTypeParameters>,,</ownDataTypeParameters>
</Attribute>
<Attribute name="activitytime" id="6687B5FC-A1FD-3882-0E2D-55E336EEBBE2">
<createdBy>Siew</createdBy>
<createdTime>2019-04-25 10:47:44 UTC</createdTime>
<comment>start time of activity</comment>
<generatorID>5F902EAE-1DA3-52C0-E1D7-06E8BCA8D6F0</generatorID>
<notes>activity date and time of an activity</notes>
<ownerDesignName>airtnt_oraclemodel</ownerDesignName>
<referedAttribute>4520826D-1779-4075-AAD6-6FF7C25E2FC0</referedAttribute>
<useDomainConstraints>false</useDomainConstraints>
<use>1</use>
<logicalDatatype>LOGDT015</logicalDatatype>
<ownDataTypeParameters>,,</ownDataTypeParameters>
</Attribute>
<Attribute name="itemcode" id="A1C3CE82-9A9D-3B73-1D0A-EFEED7062B22">
<createdBy>Siew</createdBy>
<createdTime>2019-04-24 11:36:30 UTC</createdTime>
<comment>item code of an item</comment>
<generatorID>24BF09A9-EBB8-B5A4-A02F-8768517A2967</generatorID>
<ownerDesignName>airtnt_oraclemodel</ownerDesignName>
<referedAttribute>4A2FA9E1-6733-46F4-761A-195DCB9B278F</referedAttribute>
<useDomainConstraints>false</useDomainConstraints>
<use>1</use>
<logicalDatatype>LOGDT024</logicalDatatype>
<dataTypeSize>7</dataTypeSize>
<ownDataTypeParameters>7,,</ownDataTypeParameters>
</Attribute>
<Attribute name="total_itemcharge" id="FCD73CFA-4BEA-C3B9-A53F-929578304383">
<createdBy>Siew</createdBy>
<createdTime>2019-04-26 05:55:11 UTC</createdTime>
<comment>total itemcharge which is quantity * item cost</comment>
<ownerDesignName>airtnt_oraclemodel</ownerDesignName>
<useDomainConstraints>false</useDomainConstraints>
<use>1</use>
<logicalDatatype>LOGDT026</logicalDatatype>
<dataTypeScale>2</dataTypeScale>
<ownDataTypeParameters>,,2</ownDataTypeParameters>
</Attribute>
<Attribute name="quantity" id="D7DD1DA0-43F0-FF35-C0F3-9CCF0109E569">
<createdBy>Siew</createdBy>
<createdTime>2019-04-23 14:53:36 UTC</createdTime>
<comment>quantity specify amount of item used in activity</comment>
<ownerDesignName>airtnt_oraclemodel</ownerDesignName>
<useDomainConstraints>false</useDomainConstraints>
<use>1</use>
<logicalDatatype>LOGDT011</logicalDatatype>
<checkConstraint>
<implementationDef dbType="Oracle Database 11g" definition="quantity&gt;0"/>
</checkConstraint>
<ownDataTypeParameters>,,</ownDataTypeParameters>
</Attribute>
</attributes>
<identifiers itemClass="oracle.dbtools.crest.model.design.logical.CandidateKey">
<identifier id="20DBFAC8-1B88-60E5-E0F0-171630FAD897" name="EXTRA_ITEM PK">
<createdBy>Siew</createdBy>
<createdTime>2019-04-23 15:20:28 UTC</createdTime>
<ownerDesignName>airtnt_oraclemodel</ownerDesignName>
<pk>true</pk>
<usedAttributes>
<attributeRef>A1C3CE82-9A9D-3B73-1D0A-EFEED7062B22</attributeRef>
<attributeRef>52C31EF3-5298-45CA-F069-A407B8A2155B</attributeRef>
<attributeRef>AA77A583-61C2-F800-EB27-F8AD5D774589</attributeRef>
<attributeRef>6687B5FC-A1FD-3882-0E2D-55E336EEBBE2</attributeRef>
</usedAttributes>
</identifier>
</identifiers>
</Entity>