<?xml version = '1.0' encoding = 'UTF-8'?>
<Entity class="oracle.dbtools.crest.model.design.logical.Entity" directorySegmentName="seg_0" id="F8AF6D65-7051-6BB2-0F4E-0C69125865D0" name="HOUSEKEEPER">
<createdBy>Siew</createdBy>
<createdTime>2019-04-23 12:47:40 UTC</createdTime>
<ownerDesignName>airtnt_oraclemodel</ownerDesignName>
<adequatelyNormalized>NO</adequatelyNormalized>
<expectedVolumes>0</expectedVolumes>
<fwdEngineeringStrategyName>Single Table</fwdEngineeringStrategyName>
<growthPercent>0</growthPercent>
<growthType>Year</growthType>
<maxVolumes>9999999</maxVolumes>
<minVolumes>0</minVolumes>
<normalForm>Third</normalForm>
<preferredAbbreviation>HOUSEKEEPER</preferredAbbreviation>
<shortName>HOUSEKEEPER</shortName>
<attributes itemClass="oracle.dbtools.crest.model.design.logical.Attribute">
<Attribute name="hkeeperid" id="71F97A91-6CB1-A27F-3393-FC4F41CBB7CE">
<createdBy>Siew</createdBy>
<createdTime>2019-04-23 12:48:39 UTC</createdTime>
<comment> housekeeper id</comment>
<ownerDesignName>airtnt_oraclemodel</ownerDesignName>
<useDomainConstraints>false</useDomainConstraints>
<use>1</use>
<logicalDatatype>LOGDT011</logicalDatatype>
<ownDataTypeParameters>,,</ownDataTypeParameters>
</Attribute>
<Attribute name="fname" id="B65ACD73-1A72-AE77-FC74-516319CF595A">
<createdBy>Siew</createdBy>
<createdTime>2019-04-23 12:49:17 UTC</createdTime>
<comment>first name of housekeeper</comment>
<ownerDesignName>airtnt_oraclemodel</ownerDesignName>
<useDomainConstraints>false</useDomainConstraints>
<use>1</use>
<logicalDatatype>LOGDT024</logicalDatatype>
<dataTypeSize>50</dataTypeSize>
<ownDataTypeParameters>50,,</ownDataTypeParameters>
</Attribute>
<Attribute name="lname" id="9A46EBA2-74AF-02C0-E93C-DC89263E1836">
<createdBy>Siew</createdBy>
<createdTime>2019-04-23 12:49:54 UTC</createdTime>
<comment>last name of housekeeper</comment>
<ownerDesignName>airtnt_oraclemodel</ownerDesignName>
<useDomainConstraints>false</useDomainConstraints>
<use>1</use>
<logicalDatatype>LOGDT024</logicalDatatype>
<dataTypeSize>50</dataTypeSize>
<ownDataTypeParameters>50,,</ownDataTypeParameters>
</Attribute>
<Attribute name="pnumber" id="6EA194F2-117D-B01C-1EE8-9B9B4A289A9A">
<createdBy>Siew</createdBy>
<createdTime>2019-04-27 04:44:53 UTC</createdTime>
<comment>phone number of housekeeper</comment>
<ownerDesignName>airtnt_oraclemodel</ownerDesignName>
<nullsAllowed>true</nullsAllowed>
<useDomainConstraints>false</useDomainConstraints>
<use>1</use>
<logicalDatatype>LOGDT019</logicalDatatype>
<dataTypePrecision>30</dataTypePrecision>
<ownDataTypeParameters>,30,</ownDataTypeParameters>
</Attribute>
<Attribute name="pcc_code" id="7687E057-C646-BFD5-3ED8-DA746978E599">
<createdBy>Siew</createdBy>
<createdTime>2019-04-23 12:50:08 UTC</createdTime>
<comment>Police Check Certificate Country code</comment>
<ownerDesignName>airtnt_oraclemodel</ownerDesignName>
<nullsAllowed>true</nullsAllowed>
<useDomainConstraints>false</useDomainConstraints>
<use>1</use>
<logicalDatatype>LOGDT024</logicalDatatype>
<dataTypeSize>50</dataTypeSize>
<ownDataTypeParameters>50,,</ownDataTypeParameters>
</Attribute>
<Attribute name="is_bankrupt" id="9A626EF2-74C4-EE72-C0EC-12CE19A1E52A">
<createdBy>Siew</createdBy>
<createdTime>2019-04-26 05:49:03 UTC</createdTime>
<comment>store &apos;yes&apos; if housekeeper is bankrupt, &apos;no&apos; if housekeeper is not bankrupt</comment>
<ownerDesignName>airtnt_oraclemodel</ownerDesignName>
<nullsAllowed>true</nullsAllowed>
<useDomainConstraints>false</useDomainConstraints>
<use>1</use>
<logicalDatatype>LOGDT024</logicalDatatype>
<dataTypeSize>3</dataTypeSize>
<listOfValues>
<valueDef value="no" description="no for not bankrupt"/>
<valueDef value="yes" description="yes for is bankrupt"/>
</listOfValues>
<ownDataTypeParameters>3,,</ownDataTypeParameters>
</Attribute>
</attributes>
<identifiers itemClass="oracle.dbtools.crest.model.design.logical.CandidateKey">
<identifier id="66B7797E-8F8A-A4D3-BCFC-52C892D51088" name="HOUSEKEEPER PK">
<createdBy>Siew</createdBy>
<createdTime>2019-04-23 14:54:25 UTC</createdTime>
<ownerDesignName>airtnt_oraclemodel</ownerDesignName>
<pk>true</pk>
<usedAttributes>
<attributeRef>71F97A91-6CB1-A27F-3393-FC4F41CBB7CE</attributeRef>
</usedAttributes>
</identifier>
<identifier id="FC1E07DA-9B5C-3738-0F92-748F4B8DC115" name="pnumber">
<createdBy>Siew</createdBy>
<createdTime>2019-04-29 15:04:37 UTC</createdTime>
<ownerDesignName>airtnt_oraclemodel</ownerDesignName>
<newElementsIDs>6EA194F2-117D-B01C-1EE8-9B9B4A289A9A</newElementsIDs>
<usedAttributes>
<attributeRef>6EA194F2-117D-B01C-1EE8-9B9B4A289A9A</attributeRef>
</usedAttributes>
</identifier>
<identifier id="E49029BC-DB47-D6A7-9C07-CB296BDBCC64" name="pcc_code">
<createdBy>Siew</createdBy>
<createdTime>2019-04-29 16:09:17 UTC</createdTime>
<ownerDesignName>airtnt_oraclemodel</ownerDesignName>
<newElementsIDs>7687E057-C646-BFD5-3ED8-DA746978E599</newElementsIDs>
<usedAttributes>
<attributeRef>7687E057-C646-BFD5-3ED8-DA746978E599</attributeRef>
</usedAttributes>
</identifier>
</identifiers>
</Entity>