<?xml version = '1.0' encoding = 'UTF-8'?>
<Entity class="oracle.dbtools.crest.model.design.logical.Entity" directorySegmentName="seg_0" id="FE1036FD-AF05-32A9-D328-BBBCBE1FF11B" name="CUSTOMER">
<createdBy>Siew</createdBy>
<createdTime>2019-04-23 11:47:03 UTC</createdTime>
<ownerDesignName>airtnt_oraclemodel</ownerDesignName>
<adequatelyNormalized>NO</adequatelyNormalized>
<expectedVolumes>0</expectedVolumes>
<fwdEngineeringStrategyName>Single Table</fwdEngineeringStrategyName>
<growthPercent>0</growthPercent>
<growthType>Year</growthType>
<maxVolumes>9999999</maxVolumes>
<minVolumes>0</minVolumes>
<normalForm>Third</normalForm>
<attributes itemClass="oracle.dbtools.crest.model.design.logical.Attribute">
<Attribute name="custid" id="DE35442A-98DC-3B24-5939-0FA6B9312FF1">
<createdBy>Siew</createdBy>
<createdTime>2019-04-23 11:47:29 UTC</createdTime>
<comment>primary keys of customer entity, Customer ID</comment>
<commentInRDBMS>primary keys of customer entity, Customer ID</commentInRDBMS>
<ownerDesignName>airtnt_oraclemodel</ownerDesignName>
<useDomainConstraints>false</useDomainConstraints>
<use>1</use>
<logicalDatatype>LOGDT011</logicalDatatype>
<ownDataTypeParameters>,,</ownDataTypeParameters>
</Attribute>
<Attribute name="pnumber" id="5048885C-0677-9EB5-F25E-7C437C9A0536">
<createdBy>Siew</createdBy>
<createdTime>2019-04-23 11:58:18 UTC</createdTime>
<comment>phone number of customer</comment>
<ownerDesignName>airtnt_oraclemodel</ownerDesignName>
<useDomainConstraints>false</useDomainConstraints>
<use>1</use>
<logicalDatatype>LOGDT019</logicalDatatype>
<dataTypePrecision>30</dataTypePrecision>
<ownDataTypeParameters>,30,</ownDataTypeParameters>
</Attribute>
<Attribute name="fname" id="E9BB50EF-34DD-F51C-D74B-0DEBDE42EC7A">
<createdBy>Siew</createdBy>
<createdTime>2019-04-23 11:53:35 UTC</createdTime>
<comment>first name of customer </comment>
<ownerDesignName>airtnt_oraclemodel</ownerDesignName>
<useDomainConstraints>false</useDomainConstraints>
<use>1</use>
<logicalDatatype>LOGDT024</logicalDatatype>
<dataTypeSize>50</dataTypeSize>
<ownDataTypeParameters>50,,</ownDataTypeParameters>
</Attribute>
<Attribute name="lname" id="3CB965E6-8EE0-E06E-5109-05FE40C3F0AD">
<createdBy>Siew</createdBy>
<createdTime>2019-04-23 11:56:54 UTC</createdTime>
<comment>last name of customer </comment>
<ownerDesignName>airtnt_oraclemodel</ownerDesignName>
<useDomainConstraints>false</useDomainConstraints>
<use>1</use>
<logicalDatatype>LOGDT024</logicalDatatype>
<dataTypeSize>50</dataTypeSize>
<ownDataTypeParameters>50,,</ownDataTypeParameters>
</Attribute>
<Attribute name="birthdate" id="064D9728-6D4D-F620-82F1-3B2C495D5B24">
<createdBy>Siew</createdBy>
<createdTime>2019-04-23 11:58:05 UTC</createdTime>
<comment>birthdate of customer</comment>
<ownerDesignName>airtnt_oraclemodel</ownerDesignName>
<useDomainConstraints>false</useDomainConstraints>
<use>1</use>
<logicalDatatype>LOGDT007</logicalDatatype>
<ownDataTypeParameters>,,</ownDataTypeParameters>
</Attribute>
<Attribute name="housenum" id="96D3DF49-E4C7-C2FE-5E28-5854E5B0E152">
<createdBy>Siew</createdBy>
<createdTime>2019-04-23 11:57:22 UTC</createdTime>
<comment>house number/flat number that customer occupy  </comment>
<ownerDesignName>airtnt_oraclemodel</ownerDesignName>
<useDomainConstraints>false</useDomainConstraints>
<use>1</use>
<logicalDatatype>LOGDT024</logicalDatatype>
<dataTypeSize>30</dataTypeSize>
<ownDataTypeParameters>30,,</ownDataTypeParameters>
</Attribute>
<Attribute name="street_address" id="57FF83D9-5D12-B9C5-6BE9-9FC7609F0F3A">
<createdBy>Siew</createdBy>
<createdTime>2019-04-29 16:25:59 UTC</createdTime>
<comment>building or street name of street address</comment>
<ownerDesignName>airtnt_oraclemodel</ownerDesignName>
<useDomainConstraints>false</useDomainConstraints>
<use>1</use>
<logicalDatatype>LOGDT024</logicalDatatype>
<dataTypeSize>50</dataTypeSize>
<ownDataTypeParameters>50,,</ownDataTypeParameters>
</Attribute>
<Attribute name="city" id="A50D0E86-2219-3EDF-7AC4-6099A703792B">
<createdBy>Siew</createdBy>
<createdTime>2019-04-29 16:26:54 UTC</createdTime>
<comment>city of customer live in </comment>
<ownerDesignName>airtnt_oraclemodel</ownerDesignName>
<useDomainConstraints>false</useDomainConstraints>
<use>1</use>
<logicalDatatype>LOGDT024</logicalDatatype>
<dataTypeSize>50</dataTypeSize>
<ownDataTypeParameters>50,,</ownDataTypeParameters>
</Attribute>
<Attribute name="state" id="BCFFF723-C9F7-63E6-7AEA-40C11F8E6AF6">
<createdBy>Siew</createdBy>
<createdTime>2019-04-29 16:27:03 UTC</createdTime>
<comment>state of customer live in </comment>
<ownerDesignName>airtnt_oraclemodel</ownerDesignName>
<useDomainConstraints>false</useDomainConstraints>
<use>1</use>
<logicalDatatype>LOGDT024</logicalDatatype>
<dataTypeSize>50</dataTypeSize>
<ownDataTypeParameters>50,,</ownDataTypeParameters>
</Attribute>
<Attribute name="country" id="E142C3FC-BE10-48D6-1E29-434F3AF7078D">
<createdBy>Siew</createdBy>
<createdTime>2019-04-29 16:27:10 UTC</createdTime>
<comment>country of customer live in </comment>
<ownerDesignName>airtnt_oraclemodel</ownerDesignName>
<useDomainConstraints>false</useDomainConstraints>
<use>1</use>
<logicalDatatype>LOGDT024</logicalDatatype>
<dataTypeSize>50</dataTypeSize>
<ownDataTypeParameters>50,,</ownDataTypeParameters>
</Attribute>
<Attribute name="postcode" id="BFFCD301-75D7-BB2D-4A03-DD85E2BF733A">
<createdBy>Siew</createdBy>
<createdTime>2019-04-29 16:30:32 UTC</createdTime>
<comment>postal code of customer live in </comment>
<ownerDesignName>airtnt_oraclemodel</ownerDesignName>
<useDomainConstraints>false</useDomainConstraints>
<use>1</use>
<logicalDatatype>LOGDT024</logicalDatatype>
<dataTypeSize>30</dataTypeSize>
<ownDataTypeParameters>30,,</ownDataTypeParameters>
</Attribute>
<Attribute name="urgent_contact" id="BD8580F6-F086-0FA7-BE20-3230B7C02204">
<createdBy>Siew</createdBy>
<createdTime>2019-04-23 12:05:10 UTC</createdTime>
<comment>urgent contact of customer</comment>
<ownerDesignName>airtnt_oraclemodel</ownerDesignName>
<nullsAllowed>true</nullsAllowed>
<useDomainConstraints>false</useDomainConstraints>
<use>1</use>
<logicalDatatype>LOGDT019</logicalDatatype>
<dataTypePrecision>30</dataTypePrecision>
<ownDataTypeParameters>,30,</ownDataTypeParameters>
</Attribute>
<Attribute name="goven_id" id="DCA9C29E-AA89-2179-624A-52FB333CDD3A">
<createdBy>Siew</createdBy>
<createdTime>2019-04-24 06:06:41 UTC</createdTime>
<comment>refers to goverment id such as driving license,identity card, or passportcode of customer</comment>
<ownerDesignName>airtnt_oraclemodel</ownerDesignName>
<useDomainConstraints>false</useDomainConstraints>
<use>1</use>
<logicalDatatype>LOGDT024</logicalDatatype>
<dataTypeSize>50</dataTypeSize>
<ownDataTypeParameters>50,,</ownDataTypeParameters>
</Attribute>
<Attribute name="goven_country" id="2081B8AE-A4D1-4DF3-6A4C-D86DF3364110">
<createdBy>Siew</createdBy>
<createdTime>2019-05-01 11:47:09 UTC</createdTime>
<comment>refers to country of driving license,identity card, or passportcode of customer</comment>
<ownerDesignName>airtnt_oraclemodel</ownerDesignName>
<useDomainConstraints>false</useDomainConstraints>
<use>1</use>
<logicalDatatype>LOGDT024</logicalDatatype>
<dataTypeSize>3</dataTypeSize>
<ownDataTypeParameters>3,,</ownDataTypeParameters>
</Attribute>
<Attribute name="goven_type" id="5A2C8524-6963-7C7D-6DFA-A887620B34FC">
<createdBy>Siew</createdBy>
<createdTime>2019-05-01 11:47:10 UTC</createdTime>
<comment>can only accept &quot;passport&quot;,&quot;driving&quot;, or &quot;ic&quot;</comment>
<ownerDesignName>airtnt_oraclemodel</ownerDesignName>
<useDomainConstraints>false</useDomainConstraints>
<use>1</use>
<logicalDatatype>LOGDT024</logicalDatatype>
<dataTypeSize>8</dataTypeSize>
<listOfValues>
<valueDef value="driving" description="driving license"/>
<valueDef value="ic" description="identification card"/>
<valueDef value="passport" description="passport"/>
</listOfValues>
<ownDataTypeParameters>8,,</ownDataTypeParameters>
</Attribute>
</attributes>
<identifiers itemClass="oracle.dbtools.crest.model.design.logical.CandidateKey">
<identifier id="05D6AD91-28E9-2200-C652-36B523E207A2" name="CUSTOMER PK">
<createdBy>Siew</createdBy>
<createdTime>2019-04-23 11:52:42 UTC</createdTime>
<ownerDesignName>airtnt_oraclemodel</ownerDesignName>
<pk>true</pk>
<usedAttributes>
<attributeRef>DE35442A-98DC-3B24-5939-0FA6B9312FF1</attributeRef>
</usedAttributes>
</identifier>
<identifier id="EF1397C9-3F68-2FAA-32DA-0426E2143198" name="govern_id">
<createdBy>Siew</createdBy>
<createdTime>2019-04-29 12:37:45 UTC</createdTime>
<ownerDesignName>airtnt_oraclemodel</ownerDesignName>
<newElementsIDs>DCA9C29E-AA89-2179-624A-52FB333CDD3A,2081B8AE-A4D1-4DF3-6A4C-D86DF3364110,5A2C8524-6963-7C7D-6DFA-A887620B34FC</newElementsIDs>
<usedAttributes>
<attributeRef>DCA9C29E-AA89-2179-624A-52FB333CDD3A</attributeRef>
<attributeRef>2081B8AE-A4D1-4DF3-6A4C-D86DF3364110</attributeRef>
<attributeRef>5A2C8524-6963-7C7D-6DFA-A887620B34FC</attributeRef>
</usedAttributes>
</identifier>
<identifier id="02E895D6-8E38-DAAC-0FB4-CEA6E01B962B" name="pnumber">
<createdBy>Siew</createdBy>
<createdTime>2019-04-29 15:30:29 UTC</createdTime>
<ownerDesignName>airtnt_oraclemodel</ownerDesignName>
<newElementsIDs>5048885C-0677-9EB5-F25E-7C437C9A0536</newElementsIDs>
<usedAttributes>
<attributeRef>5048885C-0677-9EB5-F25E-7C437C9A0536</attributeRef>
</usedAttributes>
</identifier>
</identifiers>
</Entity>